-- MySQL dump 10.13  Distrib 5.7.6-m16, for Linux (x86_64)
--
-- Host: localhost    Database: mydb
-- ------------------------------------------------------
-- Server version	5.7.6-m16-log

/*!40101 SET @OLD_CHARACTER_SET_CLIENT=@@CHARACTER_SET_CLIENT */;
/*!40101 SET @OLD_CHARACTER_SET_RESULTS=@@CHARACTER_SET_RESULTS */;
/*!40101 SET @OLD_COLLATION_CONNECTION=@@COLLATION_CONNECTION */;
/*!40101 SET NAMES utf8 */;
/*!40103 SET @OLD_TIME_ZONE=@@TIME_ZONE */;
/*!40103 SET TIME_ZONE='+00:00' */;
/*!40014 SET @OLD_UNIQUE_CHECKS=@@UNIQUE_CHECKS, UNIQUE_CHECKS=0 */;
/*!40014 SET @OLD_FOREIGN_KEY_CHECKS=@@FOREIGN_KEY_CHECKS, FOREIGN_KEY_CHECKS=0 */;
/*!40101 SET @OLD_SQL_MODE=@@SQL_MODE, SQL_MODE='NO_AUTO_VALUE_ON_ZERO' */;
/*!40111 SET @OLD_SQL_NOTES=@@SQL_NOTES, SQL_NOTES=0 */;
SET @MYSQLDUMP_TEMP_LOG_BIN = @@SESSION.SQL_LOG_BIN;
SET @@SESSION.SQL_LOG_BIN= 0;

--
-- GTID state at the beginning of the backup 
--

SET @@GLOBAL.GTID_PURGED='ecb991db-cb86-11e4-b75b-001a4aa000e2:1-2217792';

--
-- Table structure for table `0NF_bbs`
--

DROP TABLE IF EXISTS `0NF_bbs`;
/*!40101 SET @saved_cs_client     = @@character_set_client */;
/*!40101 SET character_set_client = utf8 */;
CREATE TABLE `0NF_bbs` (
  `thread_title` varchar(255) NOT NULL,
  `thread_owner` varchar(255) NOT NULL,
  `thread_owner_email` varchar(255) DEFAULT NULL,
  `thread_created` datetime NOT NULL DEFAULT CURRENT_TIMESTAMP,
  `comments` longtext NOT NULL,
  PRIMARY KEY (`thread_title`,`thread_owner`)
) ENGINE=InnoDB DEFAULT CHARSET=utf8;
/*!40101 SET character_set_client = @saved_cs_client */;

--
-- Dumping data for table `0NF_bbs`
--

LOCK TABLES `0NF_bbs` WRITE;
/*!40000 ALTER TABLE `0NF_bbs` DISABLE KEYS */;
INSERT INTO `0NF_bbs` VALUES ('アイドルUC[ユニコーン]','yoku0825','sage','2015-04-03 15:29:53','1: 名無しさん 2015-04-03 15:29:53\nとある魔術のチョコレート\n\n2: 名無しさん 2015-04-03 15:29:53\n13日のカンパニー\n\n3: 名無しさん 2015-04-03 15:29:53\nアウトブレイク彼女X\n\n4: 名無しさん 2015-04-03 15:29:53\n殺人＠がんばらない\n\n5: 名無しさん 2015-04-03 15:29:53\n電波女とマスター\n\n6: 名無しさん 2015-04-03 15:29:53\nインフィニット金曜日\n\n7: 名無しさん 2015-04-03 15:29:53\nテラ衰退しました\n\n8: 名無しさん 2015-04-03 15:29:53\n人類はストラトス\n\n9: 名無しさん 2015-04-03 15:29:53\nガンダムチョコレート\n\n10: 名無しさん 2015-04-03 15:29:53\n謎のストラトス\n\n11: 名無しさん 2015-04-03 15:29:53\n僕は友達が恋がしたい!\n\n12: 名無しさん 2015-04-03 15:29:53\n中二病でもチョコレート\n\n13: 名無しさん 2015-04-03 15:29:53\nアウトブレイク教室\n\n14: 名無しさん 2015-04-03 15:29:53\n進撃のフォーマーズ\n\n15: 名無しさん 2015-04-03 15:29:53\n殺人チョコレート\n\n16: 名無しさん 2015-04-03 15:29:53\nテラUC[ユニコーン]\n\n17: 名無しさん 2015-04-03 15:29:53\nインフィニット少ない\n\n18: 名無しさん 2015-04-03 15:29:53\nインフィニット禁書目録\n\n19: 名無しさん 2015-04-03 15:29:53\nガンダム彼女X\n\n20: 名無しさん 2015-04-03 15:29:53\nアウトブレイク巨人\n\n21: 名無しさん 2015-04-03 15:29:53\n殺人少ない\n\n22: 名無しさん 2015-04-03 15:29:53\nテラ禁書目録\n\n23: 名無しさん 2015-04-03 15:29:53\n中二病でもマスター\n\n24: 名無しさん 2015-04-03 15:29:53\n僕は友達がストラトス\n\n25: 名無しさん 2015-04-03 15:29:53\n魔法少女衰退しました\n\n26: 名無しさん 2015-04-03 15:29:53\nインフィニットUC[ユニコーン]\n\n27: 名無しさん 2015-04-03 15:29:53\nささみさん彼女X\n\n28: 名無しさん 2015-04-03 15:29:53\nとある魔術の恋がしたい!'),('ガンダム彼女X','yoku0825','sage','2015-04-03 15:29:53','1: 名無しさん 2015-04-03 15:29:53\n中二病でも＠がんばらない\n\n2: 名無しさん 2015-04-03 15:29:53\n電波女と奇妙な冒険\n\n3: 名無しさん 2015-04-03 15:29:53\nささみさんチョコレート\n\n4: 名無しさん 2015-04-03 15:29:53\nガンダム恋がしたい!'),('テラ＠がんばらない','yoku0825','sage','2015-04-03 15:29:53','1: 名無しさん 2015-04-03 15:29:53\nアイドル彼女X\n\n2: 名無しさん 2015-04-03 15:29:53\n謎のUC[ユニコーン]\n\n3: 名無しさん 2015-04-03 15:29:53\nアウトブレイクチョコレート'),('中二病でも彼女X','yoku0825','sage','2015-04-03 15:29:53','1: 名無しさん 2015-04-03 15:29:53\nジョジョの＠がんばらない\n\n2: 名無しさん 2015-04-03 15:29:53\nテラ少ない\n\n3: 名無しさん 2015-04-03 15:29:53\n人類はチョコレート\n\n4: 名無しさん 2015-04-03 15:29:53\n電波女とアキト'),('謎の禁書目録','yoku0825','sage','2015-04-03 15:29:53','1: 名無しさん 2015-04-03 15:29:53\n殺人チョコレート\n\n2: 名無しさん 2015-04-03 15:29:53\n電波女とフォーマーズ\n\n3: 名無しさん 2015-04-03 15:29:53\n中二病でも巨人\n\n4: 名無しさん 2015-04-03 15:29:53\n僕は友達が衰退しました\n\n5: 名無しさん 2015-04-03 15:29:53\nアイドル巨人\n\n6: 名無しさん 2015-04-03 15:29:53\nコードギアス亡国のまどか☆マギカ\n\n7: 名無しさん 2015-04-03 15:29:53\nとある魔術の奇妙な冒険\n\n8: 名無しさん 2015-04-03 15:29:53\n殺人巨人\n\n9: 名無しさん 2015-04-03 15:29:53\n中二病でも衰退しました\n\n10: 名無しさん 2015-04-03 15:29:53\n13日のフォーマーズ\n\n11: 名無しさん 2015-04-03 15:29:53\nガンダムチョコレート'),('謎の青春男','yoku0825','sage','2015-04-03 15:29:53','1: 名無しさん 2015-04-03 15:29:53\nガンダムアキト\n\n2: 名無しさん 2015-04-03 15:29:53\nガンダム禁書目録\n\n3: 名無しさん 2015-04-03 15:29:53\nアイドル恋がしたい!\n\n4: 名無しさん 2015-04-03 15:29:53\n電波女とUC[ユニコーン]\n\n5: 名無しさん 2015-04-03 15:29:53\n殺人まどか☆マギカ\n\n6: 名無しさん 2015-04-03 15:29:53\nとある魔術のフォーマーズ\n\n7: 名無しさん 2015-04-03 15:29:53\n人類はアキト'),('進撃のまどか☆マギカ','yoku0825','sage','2015-04-03 15:29:53','1: 名無しさん 2015-04-03 15:29:53\nとある魔術の奇妙な冒険\n\n2: 名無しさん 2015-04-03 15:29:53\n進撃のまどか☆マギカ\n\n3: 名無しさん 2015-04-03 15:29:53\n恋と選挙と彼女X\n\n4: 名無しさん 2015-04-03 15:29:53\n僕は友達が金曜日\n\n5: 名無しさん 2015-04-03 15:29:53\n魔法少女UC[ユニコーン]\n\n6: 名無しさん 2015-04-03 15:29:53\nささみさんフォーマーズ\n\n7: 名無しさん 2015-04-03 15:29:53\n恋と選挙と少ない\n\n8: 名無しさん 2015-04-03 15:29:53\n謎のまどか☆マギカ\n\n9: 名無しさん 2015-04-03 15:29:53\n僕は友達が教室\n\n10: 名無しさん 2015-04-03 15:29:53\nささみさん彼女X\n\n11: 名無しさん 2015-04-03 15:29:53\nジョジョの衰退しました\n\n12: 名無しさん 2015-04-03 15:29:53\nささみさんカンパニー\n\n13: 名無しさん 2015-04-03 15:29:53\n僕は友達が禁書目録\n\n14: 名無しさん 2015-04-03 15:29:53\nテラ奇妙な冒険\n\n15: 名無しさん 2015-04-03 15:29:53\nとある魔術の奇妙な冒険\n\n16: 名無しさん 2015-04-03 15:29:53\nテラUC[ユニコーン]'),('魔法少女少ない','yoku0825','sage','2015-04-03 15:29:53','1: 名無しさん 2015-04-03 15:29:53\n恋と選挙とフォーマーズ\n\n2: 名無しさん 2015-04-03 15:29:53\nとある魔術のアキト'),('魔法少女禁書目録','yoku0825','sage','2015-04-03 15:29:53','1: 名無しさん 2015-04-03 15:29:53\nとある魔術の奇妙な冒険\n\n2: 名無しさん 2015-04-03 15:29:53\n13日のフォーマーズ\n\n3: 名無しさん 2015-04-03 15:29:53\nテラストラトス\n\n4: 名無しさん 2015-04-03 15:29:53\n中二病でもアキト\n\n5: 名無しさん 2015-04-03 15:29:53\nテラストラトス\n\n6: 名無しさん 2015-04-03 15:29:53\nアウトブレイク彼女X\n\n7: 名無しさん 2015-04-03 15:29:53\nアイドルUC[ユニコーン]\n\n8: 名無しさん 2015-04-03 15:29:53\n謎の少ない\n\n9: 名無しさん 2015-04-03 15:29:53\n僕は友達がチョコレート\n\n10: 名無しさん 2015-04-03 15:29:53\nジョジョの教室');
/*!40000 ALTER TABLE `0NF_bbs` ENABLE KEYS */;
UNLOCK TABLES;

--
-- Table structure for table `1NF_bbs`
--

DROP TABLE IF EXISTS `1NF_bbs`;
/*!40101 SET @saved_cs_client     = @@character_set_client */;
/*!40101 SET character_set_client = utf8 */;
CREATE TABLE `1NF_bbs` (
  `thread_title` varchar(255) NOT NULL,
  `thread_owner` varchar(255) NOT NULL,
  `thread_owner_email` varchar(255) DEFAULT NULL,
  `thread_created` datetime NOT NULL DEFAULT CURRENT_TIMESTAMP,
  `comment_number` int(10) unsigned NOT NULL,
  `comment_owner` varchar(2555) NOT NULL,
  `comment_owner_email` varchar(255) DEFAULT NULL,
  `comment_created` datetime NOT NULL DEFAULT CURRENT_TIMESTAMP,
  `comment_body` longtext NOT NULL,
  PRIMARY KEY (`thread_title`,`thread_owner`,`comment_number`)
) ENGINE=InnoDB DEFAULT CHARSET=utf8;
/*!40101 SET character_set_client = @saved_cs_client */;

--
-- Dumping data for table `1NF_bbs`
--

LOCK TABLES `1NF_bbs` WRITE;
/*!40000 ALTER TABLE `1NF_bbs` DISABLE KEYS */;
INSERT INTO `1NF_bbs` VALUES ('アイドルUC[ユニコーン]','yoku0825','sage','2015-04-03 15:29:53',1,'名無しさん','sage','2015-04-03 15:29:53','とある魔術のチョコレート'),('アイドルUC[ユニコーン]','yoku0825','sage','2015-04-03 15:29:53',2,'名無しさん','sage','2015-04-03 15:29:53','13日のカンパニー'),('アイドルUC[ユニコーン]','yoku0825','sage','2015-04-03 15:29:53',3,'名無しさん','sage','2015-04-03 15:29:53','アウトブレイク彼女X'),('アイドルUC[ユニコーン]','yoku0825','sage','2015-04-03 15:29:53',4,'名無しさん','sage','2015-04-03 15:29:53','殺人＠がんばらない'),('アイドルUC[ユニコーン]','yoku0825','sage','2015-04-03 15:29:53',5,'名無しさん','sage','2015-04-03 15:29:53','電波女とマスター'),('アイドルUC[ユニコーン]','yoku0825','sage','2015-04-03 15:29:53',6,'名無しさん','sage','2015-04-03 15:29:53','インフィニット金曜日'),('アイドルUC[ユニコーン]','yoku0825','sage','2015-04-03 15:29:53',7,'名無しさん','sage','2015-04-03 15:29:53','テラ衰退しました'),('アイドルUC[ユニコーン]','yoku0825','sage','2015-04-03 15:29:53',8,'名無しさん','sage','2015-04-03 15:29:53','人類はストラトス'),('アイドルUC[ユニコーン]','yoku0825','sage','2015-04-03 15:29:53',9,'名無しさん','sage','2015-04-03 15:29:53','ガンダムチョコレート'),('アイドルUC[ユニコーン]','yoku0825','sage','2015-04-03 15:29:53',10,'名無しさん','sage','2015-04-03 15:29:53','謎のストラトス'),('アイドルUC[ユニコーン]','yoku0825','sage','2015-04-03 15:29:53',11,'名無しさん','sage','2015-04-03 15:29:53','僕は友達が恋がしたい!'),('アイドルUC[ユニコーン]','yoku0825','sage','2015-04-03 15:29:53',12,'名無しさん','sage','2015-04-03 15:29:53','中二病でもチョコレート'),('アイドルUC[ユニコーン]','yoku0825','sage','2015-04-03 15:29:53',13,'名無しさん','sage','2015-04-03 15:29:53','アウトブレイク教室'),('アイドルUC[ユニコーン]','yoku0825','sage','2015-04-03 15:29:53',14,'名無しさん','sage','2015-04-03 15:29:53','進撃のフォーマーズ'),('アイドルUC[ユニコーン]','yoku0825','sage','2015-04-03 15:29:53',15,'名無しさん','sage','2015-04-03 15:29:53','殺人チョコレート'),('アイドルUC[ユニコーン]','yoku0825','sage','2015-04-03 15:29:53',16,'名無しさん','sage','2015-04-03 15:29:53','テラUC[ユニコーン]'),('アイドルUC[ユニコーン]','yoku0825','sage','2015-04-03 15:29:53',17,'名無しさん','sage','2015-04-03 15:29:53','インフィニット少ない'),('アイドルUC[ユニコーン]','yoku0825','sage','2015-04-03 15:29:53',18,'名無しさん','sage','2015-04-03 15:29:53','インフィニット禁書目録'),('アイドルUC[ユニコーン]','yoku0825','sage','2015-04-03 15:29:53',19,'名無しさん','sage','2015-04-03 15:29:53','ガンダム彼女X'),('アイドルUC[ユニコーン]','yoku0825','sage','2015-04-03 15:29:53',20,'名無しさん','sage','2015-04-03 15:29:53','アウトブレイク巨人'),('アイドルUC[ユニコーン]','yoku0825','sage','2015-04-03 15:29:53',21,'名無しさん','sage','2015-04-03 15:29:53','殺人少ない'),('アイドルUC[ユニコーン]','yoku0825','sage','2015-04-03 15:29:53',22,'名無しさん','sage','2015-04-03 15:29:53','テラ禁書目録'),('アイドルUC[ユニコーン]','yoku0825','sage','2015-04-03 15:29:53',23,'名無しさん','sage','2015-04-03 15:29:53','中二病でもマスター'),('アイドルUC[ユニコーン]','yoku0825','sage','2015-04-03 15:29:53',24,'名無しさん','sage','2015-04-03 15:29:53','僕は友達がストラトス'),('アイドルUC[ユニコーン]','yoku0825','sage','2015-04-03 15:29:53',25,'名無しさん','sage','2015-04-03 15:29:53','魔法少女衰退しました'),('アイドルUC[ユニコーン]','yoku0825','sage','2015-04-03 15:29:53',26,'名無しさん','sage','2015-04-03 15:29:53','インフィニットUC[ユニコーン]'),('アイドルUC[ユニコーン]','yoku0825','sage','2015-04-03 15:29:53',27,'名無しさん','sage','2015-04-03 15:29:53','ささみさん彼女X'),('アイドルUC[ユニコーン]','yoku0825','sage','2015-04-03 15:29:53',28,'名無しさん','sage','2015-04-03 15:29:53','とある魔術の恋がしたい!'),('ガンダム彼女X','yoku0825','sage','2015-04-03 15:29:53',1,'名無しさん','sage','2015-04-03 15:29:53','中二病でも＠がんばらない'),('ガンダム彼女X','yoku0825','sage','2015-04-03 15:29:53',2,'名無しさん','sage','2015-04-03 15:29:53','電波女と奇妙な冒険'),('ガンダム彼女X','yoku0825','sage','2015-04-03 15:29:53',3,'名無しさん','sage','2015-04-03 15:29:53','ささみさんチョコレート'),('ガンダム彼女X','yoku0825','sage','2015-04-03 15:29:53',4,'名無しさん','sage','2015-04-03 15:29:53','ガンダム恋がしたい!'),('テラ＠がんばらない','yoku0825','sage','2015-04-03 15:29:53',1,'名無しさん','sage','2015-04-03 15:29:53','アイドル彼女X'),('テラ＠がんばらない','yoku0825','sage','2015-04-03 15:29:53',2,'名無しさん','sage','2015-04-03 15:29:53','謎のUC[ユニコーン]'),('テラ＠がんばらない','yoku0825','sage','2015-04-03 15:29:53',3,'名無しさん','sage','2015-04-03 15:29:53','アウトブレイクチョコレート'),('中二病でも彼女X','yoku0825','sage','2015-04-03 15:29:53',1,'名無しさん','sage','2015-04-03 15:29:53','ジョジョの＠がんばらない'),('中二病でも彼女X','yoku0825','sage','2015-04-03 15:29:53',2,'名無しさん','sage','2015-04-03 15:29:53','テラ少ない'),('中二病でも彼女X','yoku0825','sage','2015-04-03 15:29:53',3,'名無しさん','sage','2015-04-03 15:29:53','人類はチョコレート'),('中二病でも彼女X','yoku0825','sage','2015-04-03 15:29:53',4,'名無しさん','sage','2015-04-03 15:29:53','電波女とアキト'),('謎の禁書目録','yoku0825','sage','2015-04-03 15:29:53',1,'名無しさん','sage','2015-04-03 15:29:53','殺人チョコレート'),('謎の禁書目録','yoku0825','sage','2015-04-03 15:29:53',2,'名無しさん','sage','2015-04-03 15:29:53','電波女とフォーマーズ'),('謎の禁書目録','yoku0825','sage','2015-04-03 15:29:53',3,'名無しさん','sage','2015-04-03 15:29:53','中二病でも巨人'),('謎の禁書目録','yoku0825','sage','2015-04-03 15:29:53',4,'名無しさん','sage','2015-04-03 15:29:53','僕は友達が衰退しました'),('謎の禁書目録','yoku0825','sage','2015-04-03 15:29:53',5,'名無しさん','sage','2015-04-03 15:29:53','アイドル巨人'),('謎の禁書目録','yoku0825','sage','2015-04-03 15:29:53',6,'名無しさん','sage','2015-04-03 15:29:53','コードギアス亡国のまどか☆マギカ'),('謎の禁書目録','yoku0825','sage','2015-04-03 15:29:53',7,'名無しさん','sage','2015-04-03 15:29:53','とある魔術の奇妙な冒険'),('謎の禁書目録','yoku0825','sage','2015-04-03 15:29:53',8,'名無しさん','sage','2015-04-03 15:29:53','殺人巨人'),('謎の禁書目録','yoku0825','sage','2015-04-03 15:29:53',9,'名無しさん','sage','2015-04-03 15:29:53','中二病でも衰退しました'),('謎の禁書目録','yoku0825','sage','2015-04-03 15:29:53',10,'名無しさん','sage','2015-04-03 15:29:53','13日のフォーマーズ'),('謎の禁書目録','yoku0825','sage','2015-04-03 15:29:53',11,'名無しさん','sage','2015-04-03 15:29:53','ガンダムチョコレート'),('謎の青春男','yoku0825','sage','2015-04-03 15:29:53',1,'名無しさん','sage','2015-04-03 15:29:53','ガンダムアキト'),('謎の青春男','yoku0825','sage','2015-04-03 15:29:53',2,'名無しさん','sage','2015-04-03 15:29:53','ガンダム禁書目録'),('謎の青春男','yoku0825','sage','2015-04-03 15:29:53',3,'名無しさん','sage','2015-04-03 15:29:53','アイドル恋がしたい!'),('謎の青春男','yoku0825','sage','2015-04-03 15:29:53',4,'名無しさん','sage','2015-04-03 15:29:53','電波女とUC[ユニコーン]'),('謎の青春男','yoku0825','sage','2015-04-03 15:29:53',5,'名無しさん','sage','2015-04-03 15:29:53','殺人まどか☆マギカ'),('謎の青春男','yoku0825','sage','2015-04-03 15:29:53',6,'名無しさん','sage','2015-04-03 15:29:53','とある魔術のフォーマーズ'),('謎の青春男','yoku0825','sage','2015-04-03 15:29:53',7,'名無しさん','sage','2015-04-03 15:29:53','人類はアキト'),('進撃のまどか☆マギカ','yoku0825','sage','2015-04-03 15:29:53',1,'名無しさん','sage','2015-04-03 15:29:53','とある魔術の奇妙な冒険'),('進撃のまどか☆マギカ','yoku0825','sage','2015-04-03 15:29:53',2,'名無しさん','sage','2015-04-03 15:29:53','進撃のまどか☆マギカ'),('進撃のまどか☆マギカ','yoku0825','sage','2015-04-03 15:29:53',3,'名無しさん','sage','2015-04-03 15:29:53','恋と選挙と彼女X'),('進撃のまどか☆マギカ','yoku0825','sage','2015-04-03 15:29:53',4,'名無しさん','sage','2015-04-03 15:29:53','僕は友達が金曜日'),('進撃のまどか☆マギカ','yoku0825','sage','2015-04-03 15:29:53',5,'名無しさん','sage','2015-04-03 15:29:53','魔法少女UC[ユニコーン]'),('進撃のまどか☆マギカ','yoku0825','sage','2015-04-03 15:29:53',6,'名無しさん','sage','2015-04-03 15:29:53','ささみさんフォーマーズ'),('進撃のまどか☆マギカ','yoku0825','sage','2015-04-03 15:29:53',7,'名無しさん','sage','2015-04-03 15:29:53','恋と選挙と少ない'),('進撃のまどか☆マギカ','yoku0825','sage','2015-04-03 15:29:53',8,'名無しさん','sage','2015-04-03 15:29:53','謎のまどか☆マギカ'),('進撃のまどか☆マギカ','yoku0825','sage','2015-04-03 15:29:53',9,'名無しさん','sage','2015-04-03 15:29:53','僕は友達が教室'),('進撃のまどか☆マギカ','yoku0825','sage','2015-04-03 15:29:53',10,'名無しさん','sage','2015-04-03 15:29:53','ささみさん彼女X'),('進撃のまどか☆マギカ','yoku0825','sage','2015-04-03 15:29:53',11,'名無しさん','sage','2015-04-03 15:29:53','ジョジョの衰退しました'),('進撃のまどか☆マギカ','yoku0825','sage','2015-04-03 15:29:53',12,'名無しさん','sage','2015-04-03 15:29:53','ささみさんカンパニー'),('進撃のまどか☆マギカ','yoku0825','sage','2015-04-03 15:29:53',13,'名無しさん','sage','2015-04-03 15:29:53','僕は友達が禁書目録'),('進撃のまどか☆マギカ','yoku0825','sage','2015-04-03 15:29:53',14,'名無しさん','sage','2015-04-03 15:29:53','テラ奇妙な冒険'),('進撃のまどか☆マギカ','yoku0825','sage','2015-04-03 15:29:53',15,'名無しさん','sage','2015-04-03 15:29:53','とある魔術の奇妙な冒険'),('進撃のまどか☆マギカ','yoku0825','sage','2015-04-03 15:29:53',16,'名無しさん','sage','2015-04-03 15:29:53','テラUC[ユニコーン]'),('魔法少女少ない','yoku0825','sage','2015-04-03 15:29:53',1,'名無しさん','sage','2015-04-03 15:29:53','恋と選挙とフォーマーズ'),('魔法少女少ない','yoku0825','sage','2015-04-03 15:29:53',2,'名無しさん','sage','2015-04-03 15:29:53','とある魔術のアキト'),('魔法少女禁書目録','yoku0825','sage','2015-04-03 15:29:53',1,'名無しさん','sage','2015-04-03 15:29:53','とある魔術の奇妙な冒険'),('魔法少女禁書目録','yoku0825','sage','2015-04-03 15:29:53',2,'名無しさん','sage','2015-04-03 15:29:53','13日のフォーマーズ'),('魔法少女禁書目録','yoku0825','sage','2015-04-03 15:29:53',3,'名無しさん','sage','2015-04-03 15:29:53','テラストラトス'),('魔法少女禁書目録','yoku0825','sage','2015-04-03 15:29:53',4,'名無しさん','sage','2015-04-03 15:29:53','中二病でもアキト'),('魔法少女禁書目録','yoku0825','sage','2015-04-03 15:29:53',5,'名無しさん','sage','2015-04-03 15:29:53','テラストラトス'),('魔法少女禁書目録','yoku0825','sage','2015-04-03 15:29:53',6,'名無しさん','sage','2015-04-03 15:29:53','アウトブレイク彼女X'),('魔法少女禁書目録','yoku0825','sage','2015-04-03 15:29:53',7,'名無しさん','sage','2015-04-03 15:29:53','アイドルUC[ユニコーン]'),('魔法少女禁書目録','yoku0825','sage','2015-04-03 15:29:53',8,'名無しさん','sage','2015-04-03 15:29:53','謎の少ない'),('魔法少女禁書目録','yoku0825','sage','2015-04-03 15:29:53',9,'名無しさん','sage','2015-04-03 15:29:53','僕は友達がチョコレート'),('魔法少女禁書目録','yoku0825','sage','2015-04-03 15:29:53',10,'名無しさん','sage','2015-04-03 15:29:53','ジョジョの教室');
/*!40000 ALTER TABLE `1NF_bbs` ENABLE KEYS */;
UNLOCK TABLES;

--
-- Table structure for table `2NF_bbs_main`
--

DROP TABLE IF EXISTS `2NF_bbs_main`;
/*!40101 SET @saved_cs_client     = @@character_set_client */;
/*!40101 SET character_set_client = utf8 */;
CREATE TABLE `2NF_bbs_main` (
  `thread_title` varchar(255) NOT NULL,
  `thread_owner` varchar(255) NOT NULL,
  `comment_number` int(10) unsigned NOT NULL,
  `comment_owner` varchar(255) NOT NULL,
  `comment_owner_email` varchar(255) DEFAULT NULL,
  `comment_created` datetime NOT NULL DEFAULT CURRENT_TIMESTAMP,
  `comment_body` longtext NOT NULL,
  PRIMARY KEY (`thread_title`,`thread_owner`,`comment_number`),
  KEY `fk_owner_email_idx` (`thread_owner`)
) ENGINE=InnoDB DEFAULT CHARSET=utf8;
/*!40101 SET character_set_client = @saved_cs_client */;

--
-- Dumping data for table `2NF_bbs_main`
--

LOCK TABLES `2NF_bbs_main` WRITE;
/*!40000 ALTER TABLE `2NF_bbs_main` DISABLE KEYS */;
INSERT INTO `2NF_bbs_main` VALUES ('アイドルUC[ユニコーン]','yoku0825',1,'名無しさん','sage','2015-04-03 15:29:53','とある魔術のチョコレート'),('アイドルUC[ユニコーン]','yoku0825',2,'名無しさん','sage','2015-04-03 15:29:53','13日のカンパニー'),('アイドルUC[ユニコーン]','yoku0825',3,'名無しさん','sage','2015-04-03 15:29:53','アウトブレイク彼女X'),('アイドルUC[ユニコーン]','yoku0825',4,'名無しさん','sage','2015-04-03 15:29:53','殺人＠がんばらない'),('アイドルUC[ユニコーン]','yoku0825',5,'名無しさん','sage','2015-04-03 15:29:53','電波女とマスター'),('アイドルUC[ユニコーン]','yoku0825',6,'名無しさん','sage','2015-04-03 15:29:53','インフィニット金曜日'),('アイドルUC[ユニコーン]','yoku0825',7,'名無しさん','sage','2015-04-03 15:29:53','テラ衰退しました'),('アイドルUC[ユニコーン]','yoku0825',8,'名無しさん','sage','2015-04-03 15:29:53','人類はストラトス'),('アイドルUC[ユニコーン]','yoku0825',9,'名無しさん','sage','2015-04-03 15:29:53','ガンダムチョコレート'),('アイドルUC[ユニコーン]','yoku0825',10,'名無しさん','sage','2015-04-03 15:29:53','謎のストラトス'),('アイドルUC[ユニコーン]','yoku0825',11,'名無しさん','sage','2015-04-03 15:29:53','僕は友達が恋がしたい!'),('アイドルUC[ユニコーン]','yoku0825',12,'名無しさん','sage','2015-04-03 15:29:53','中二病でもチョコレート'),('アイドルUC[ユニコーン]','yoku0825',13,'名無しさん','sage','2015-04-03 15:29:53','アウトブレイク教室'),('アイドルUC[ユニコーン]','yoku0825',14,'名無しさん','sage','2015-04-03 15:29:53','進撃のフォーマーズ'),('アイドルUC[ユニコーン]','yoku0825',15,'名無しさん','sage','2015-04-03 15:29:53','殺人チョコレート'),('アイドルUC[ユニコーン]','yoku0825',16,'名無しさん','sage','2015-04-03 15:29:53','テラUC[ユニコーン]'),('アイドルUC[ユニコーン]','yoku0825',17,'名無しさん','sage','2015-04-03 15:29:53','インフィニット少ない'),('アイドルUC[ユニコーン]','yoku0825',18,'名無しさん','sage','2015-04-03 15:29:53','インフィニット禁書目録'),('アイドルUC[ユニコーン]','yoku0825',19,'名無しさん','sage','2015-04-03 15:29:53','ガンダム彼女X'),('アイドルUC[ユニコーン]','yoku0825',20,'名無しさん','sage','2015-04-03 15:29:53','アウトブレイク巨人'),('アイドルUC[ユニコーン]','yoku0825',21,'名無しさん','sage','2015-04-03 15:29:53','殺人少ない'),('アイドルUC[ユニコーン]','yoku0825',22,'名無しさん','sage','2015-04-03 15:29:53','テラ禁書目録'),('アイドルUC[ユニコーン]','yoku0825',23,'名無しさん','sage','2015-04-03 15:29:53','中二病でもマスター'),('アイドルUC[ユニコーン]','yoku0825',24,'名無しさん','sage','2015-04-03 15:29:53','僕は友達がストラトス'),('アイドルUC[ユニコーン]','yoku0825',25,'名無しさん','sage','2015-04-03 15:29:53','魔法少女衰退しました'),('アイドルUC[ユニコーン]','yoku0825',26,'名無しさん','sage','2015-04-03 15:29:53','インフィニットUC[ユニコーン]'),('アイドルUC[ユニコーン]','yoku0825',27,'名無しさん','sage','2015-04-03 15:29:53','ささみさん彼女X'),('アイドルUC[ユニコーン]','yoku0825',28,'名無しさん','sage','2015-04-03 15:29:53','とある魔術の恋がしたい!'),('ガンダム彼女X','yoku0825',1,'名無しさん','sage','2015-04-03 15:29:53','中二病でも＠がんばらない'),('ガンダム彼女X','yoku0825',2,'名無しさん','sage','2015-04-03 15:29:53','電波女と奇妙な冒険'),('ガンダム彼女X','yoku0825',3,'名無しさん','sage','2015-04-03 15:29:53','ささみさんチョコレート'),('ガンダム彼女X','yoku0825',4,'名無しさん','sage','2015-04-03 15:29:53','ガンダム恋がしたい!'),('テラ＠がんばらない','yoku0825',1,'名無しさん','sage','2015-04-03 15:29:53','アイドル彼女X'),('テラ＠がんばらない','yoku0825',2,'名無しさん','sage','2015-04-03 15:29:53','謎のUC[ユニコーン]'),('テラ＠がんばらない','yoku0825',3,'名無しさん','sage','2015-04-03 15:29:53','アウトブレイクチョコレート'),('中二病でも彼女X','yoku0825',1,'名無しさん','sage','2015-04-03 15:29:53','ジョジョの＠がんばらない'),('中二病でも彼女X','yoku0825',2,'名無しさん','sage','2015-04-03 15:29:53','テラ少ない'),('中二病でも彼女X','yoku0825',3,'名無しさん','sage','2015-04-03 15:29:53','人類はチョコレート'),('中二病でも彼女X','yoku0825',4,'名無しさん','sage','2015-04-03 15:29:53','電波女とアキト'),('謎の禁書目録','yoku0825',1,'名無しさん','sage','2015-04-03 15:29:53','殺人チョコレート'),('謎の禁書目録','yoku0825',2,'名無しさん','sage','2015-04-03 15:29:53','電波女とフォーマーズ'),('謎の禁書目録','yoku0825',3,'名無しさん','sage','2015-04-03 15:29:53','中二病でも巨人'),('謎の禁書目録','yoku0825',4,'名無しさん','sage','2015-04-03 15:29:53','僕は友達が衰退しました'),('謎の禁書目録','yoku0825',5,'名無しさん','sage','2015-04-03 15:29:53','アイドル巨人'),('謎の禁書目録','yoku0825',6,'名無しさん','sage','2015-04-03 15:29:53','コードギアス亡国のまどか☆マギカ'),('謎の禁書目録','yoku0825',7,'名無しさん','sage','2015-04-03 15:29:53','とある魔術の奇妙な冒険'),('謎の禁書目録','yoku0825',8,'名無しさん','sage','2015-04-03 15:29:53','殺人巨人'),('謎の禁書目録','yoku0825',9,'名無しさん','sage','2015-04-03 15:29:53','中二病でも衰退しました'),('謎の禁書目録','yoku0825',10,'名無しさん','sage','2015-04-03 15:29:53','13日のフォーマーズ'),('謎の禁書目録','yoku0825',11,'名無しさん','sage','2015-04-03 15:29:53','ガンダムチョコレート'),('謎の青春男','yoku0825',1,'名無しさん','sage','2015-04-03 15:29:53','ガンダムアキト'),('謎の青春男','yoku0825',2,'名無しさん','sage','2015-04-03 15:29:53','ガンダム禁書目録'),('謎の青春男','yoku0825',3,'名無しさん','sage','2015-04-03 15:29:53','アイドル恋がしたい!'),('謎の青春男','yoku0825',4,'名無しさん','sage','2015-04-03 15:29:53','電波女とUC[ユニコーン]'),('謎の青春男','yoku0825',5,'名無しさん','sage','2015-04-03 15:29:53','殺人まどか☆マギカ'),('謎の青春男','yoku0825',6,'名無しさん','sage','2015-04-03 15:29:53','とある魔術のフォーマーズ'),('謎の青春男','yoku0825',7,'名無しさん','sage','2015-04-03 15:29:53','人類はアキト'),('進撃のまどか☆マギカ','yoku0825',1,'名無しさん','sage','2015-04-03 15:29:53','とある魔術の奇妙な冒険'),('進撃のまどか☆マギカ','yoku0825',2,'名無しさん','sage','2015-04-03 15:29:53','進撃のまどか☆マギカ'),('進撃のまどか☆マギカ','yoku0825',3,'名無しさん','sage','2015-04-03 15:29:53','恋と選挙と彼女X'),('進撃のまどか☆マギカ','yoku0825',4,'名無しさん','sage','2015-04-03 15:29:53','僕は友達が金曜日'),('進撃のまどか☆マギカ','yoku0825',5,'名無しさん','sage','2015-04-03 15:29:53','魔法少女UC[ユニコーン]'),('進撃のまどか☆マギカ','yoku0825',6,'名無しさん','sage','2015-04-03 15:29:53','ささみさんフォーマーズ'),('進撃のまどか☆マギカ','yoku0825',7,'名無しさん','sage','2015-04-03 15:29:53','恋と選挙と少ない'),('進撃のまどか☆マギカ','yoku0825',8,'名無しさん','sage','2015-04-03 15:29:53','謎のまどか☆マギカ'),('進撃のまどか☆マギカ','yoku0825',9,'名無しさん','sage','2015-04-03 15:29:53','僕は友達が教室'),('進撃のまどか☆マギカ','yoku0825',10,'名無しさん','sage','2015-04-03 15:29:53','ささみさん彼女X'),('進撃のまどか☆マギカ','yoku0825',11,'名無しさん','sage','2015-04-03 15:29:53','ジョジョの衰退しました'),('進撃のまどか☆マギカ','yoku0825',12,'名無しさん','sage','2015-04-03 15:29:53','ささみさんカンパニー'),('進撃のまどか☆マギカ','yoku0825',13,'名無しさん','sage','2015-04-03 15:29:53','僕は友達が禁書目録'),('進撃のまどか☆マギカ','yoku0825',14,'名無しさん','sage','2015-04-03 15:29:53','テラ奇妙な冒険'),('進撃のまどか☆マギカ','yoku0825',15,'名無しさん','sage','2015-04-03 15:29:53','とある魔術の奇妙な冒険'),('進撃のまどか☆マギカ','yoku0825',16,'名無しさん','sage','2015-04-03 15:29:53','テラUC[ユニコーン]'),('魔法少女少ない','yoku0825',1,'名無しさん','sage','2015-04-03 15:29:53','恋と選挙とフォーマーズ'),('魔法少女少ない','yoku0825',2,'名無しさん','sage','2015-04-03 15:29:53','とある魔術のアキト'),('魔法少女禁書目録','yoku0825',1,'名無しさん','sage','2015-04-03 15:29:53','とある魔術の奇妙な冒険'),('魔法少女禁書目録','yoku0825',2,'名無しさん','sage','2015-04-03 15:29:53','13日のフォーマーズ'),('魔法少女禁書目録','yoku0825',3,'名無しさん','sage','2015-04-03 15:29:53','テラストラトス'),('魔法少女禁書目録','yoku0825',4,'名無しさん','sage','2015-04-03 15:29:53','中二病でもアキト'),('魔法少女禁書目録','yoku0825',5,'名無しさん','sage','2015-04-03 15:29:53','テラストラトス'),('魔法少女禁書目録','yoku0825',6,'名無しさん','sage','2015-04-03 15:29:53','アウトブレイク彼女X'),('魔法少女禁書目録','yoku0825',7,'名無しさん','sage','2015-04-03 15:29:53','アイドルUC[ユニコーン]'),('魔法少女禁書目録','yoku0825',8,'名無しさん','sage','2015-04-03 15:29:53','謎の少ない'),('魔法少女禁書目録','yoku0825',9,'名無しさん','sage','2015-04-03 15:29:53','僕は友達がチョコレート'),('魔法少女禁書目録','yoku0825',10,'名無しさん','sage','2015-04-03 15:29:53','ジョジョの教室');
/*!40000 ALTER TABLE `2NF_bbs_main` ENABLE KEYS */;
UNLOCK TABLES;

--
-- Table structure for table `2NF_thread_metadata`
--

DROP TABLE IF EXISTS `2NF_thread_metadata`;
/*!40101 SET @saved_cs_client     = @@character_set_client */;
/*!40101 SET character_set_client = utf8 */;
CREATE TABLE `2NF_thread_metadata` (
  `thread_title` varchar(255) NOT NULL,
  `thread_owner` varchar(255) NOT NULL,
  `thread_created` datetime NOT NULL DEFAULT CURRENT_TIMESTAMP,
  PRIMARY KEY (`thread_title`,`thread_owner`)
) ENGINE=InnoDB DEFAULT CHARSET=utf8;
/*!40101 SET character_set_client = @saved_cs_client */;

--
-- Dumping data for table `2NF_thread_metadata`
--

LOCK TABLES `2NF_thread_metadata` WRITE;
/*!40000 ALTER TABLE `2NF_thread_metadata` DISABLE KEYS */;
INSERT INTO `2NF_thread_metadata` VALUES ('アイドルUC[ユニコーン]','yoku0825','2015-04-03 15:29:53'),('ガンダム彼女X','yoku0825','2015-04-03 15:29:53'),('テラ＠がんばらない','yoku0825','2015-04-03 15:29:53'),('中二病でも彼女X','yoku0825','2015-04-03 15:29:53'),('謎の禁書目録','yoku0825','2015-04-03 15:29:53'),('謎の青春男','yoku0825','2015-04-03 15:29:53'),('進撃のまどか☆マギカ','yoku0825','2015-04-03 15:29:53'),('魔法少女少ない','yoku0825','2015-04-03 15:29:53'),('魔法少女禁書目録','yoku0825','2015-04-03 15:29:53');
/*!40000 ALTER TABLE `2NF_thread_metadata` ENABLE KEYS */;
UNLOCK TABLES;

--
-- Table structure for table `2NF_user_email`
--

DROP TABLE IF EXISTS `2NF_user_email`;
/*!40101 SET @saved_cs_client     = @@character_set_client */;
/*!40101 SET character_set_client = utf8 */;
CREATE TABLE `2NF_user_email` (
  `user_name` varchar(255) NOT NULL,
  `user_email` varchar(255) DEFAULT NULL,
  PRIMARY KEY (`user_name`)
) ENGINE=InnoDB DEFAULT CHARSET=utf8;
/*!40101 SET character_set_client = @saved_cs_client */;

--
-- Dumping data for table `2NF_user_email`
--

LOCK TABLES `2NF_user_email` WRITE;
/*!40000 ALTER TABLE `2NF_user_email` DISABLE KEYS */;
INSERT INTO `2NF_user_email` VALUES ('yoku0825','sage');
/*!40000 ALTER TABLE `2NF_user_email` ENABLE KEYS */;
UNLOCK TABLES;

--
-- Table structure for table `3NF_bbs_main`
--

DROP TABLE IF EXISTS `3NF_bbs_main`;
/*!40101 SET @saved_cs_client     = @@character_set_client */;
/*!40101 SET character_set_client = utf8 */;
CREATE TABLE `3NF_bbs_main` (
  `thread_title` varchar(255) NOT NULL,
  `thread_owner` varchar(255) NOT NULL,
  `comment_number` int(10) unsigned NOT NULL,
  `comment_owner` varchar(255) NOT NULL,
  `comment_created` datetime NOT NULL DEFAULT CURRENT_TIMESTAMP,
  `comment_body` longtext NOT NULL,
  PRIMARY KEY (`thread_title`,`thread_owner`,`comment_number`),
  KEY `fk_owner_email_idx` (`thread_owner`),
  KEY `fk_comment_email_idx` (`comment_owner`)
) ENGINE=InnoDB DEFAULT CHARSET=utf8;
/*!40101 SET character_set_client = @saved_cs_client */;

--
-- Dumping data for table `3NF_bbs_main`
--

LOCK TABLES `3NF_bbs_main` WRITE;
/*!40000 ALTER TABLE `3NF_bbs_main` DISABLE KEYS */;
/*!40000 ALTER TABLE `3NF_bbs_main` ENABLE KEYS */;
UNLOCK TABLES;

--
-- Table structure for table `3NF_thread_metadata`
--

DROP TABLE IF EXISTS `3NF_thread_metadata`;
/*!40101 SET @saved_cs_client     = @@character_set_client */;
/*!40101 SET character_set_client = utf8 */;
CREATE TABLE `3NF_thread_metadata` (
  `thread_title` varchar(255) NOT NULL,
  `thread_owner` varchar(255) NOT NULL,
  `thread_created` datetime NOT NULL DEFAULT CURRENT_TIMESTAMP,
  PRIMARY KEY (`thread_title`,`thread_owner`)
) ENGINE=InnoDB DEFAULT CHARSET=utf8;
/*!40101 SET character_set_client = @saved_cs_client */;

--
-- Dumping data for table `3NF_thread_metadata`
--

LOCK TABLES `3NF_thread_metadata` WRITE;
/*!40000 ALTER TABLE `3NF_thread_metadata` DISABLE KEYS */;
/*!40000 ALTER TABLE `3NF_thread_metadata` ENABLE KEYS */;
UNLOCK TABLES;

--
-- Table structure for table `3NF_user_email`
--

DROP TABLE IF EXISTS `3NF_user_email`;
/*!40101 SET @saved_cs_client     = @@character_set_client */;
/*!40101 SET character_set_client = utf8 */;
CREATE TABLE `3NF_user_email` (
  `user_name` varchar(255) NOT NULL,
  `user_email` varchar(255) DEFAULT NULL,
  PRIMARY KEY (`user_name`)
) ENGINE=InnoDB DEFAULT CHARSET=utf8;
/*!40101 SET character_set_client = @saved_cs_client */;

--
-- Dumping data for table `3NF_user_email`
--

LOCK TABLES `3NF_user_email` WRITE;
/*!40000 ALTER TABLE `3NF_user_email` DISABLE KEYS */;
/*!40000 ALTER TABLE `3NF_user_email` ENABLE KEYS */;
UNLOCK TABLES;
SET @@SESSION.SQL_LOG_BIN = @MYSQLDUMP_TEMP_LOG_BIN;
/*!40103 SET TIME_ZONE=@OLD_TIME_ZONE */;

/*!40101 SET SQL_MODE=@OLD_SQL_MODE */;
/*!40014 SET FOREIGN_KEY_CHECKS=@OLD_FOREIGN_KEY_CHECKS */;
/*!40014 SET UNIQUE_CHECKS=@OLD_UNIQUE_CHECKS */;
/*!40101 SET CHARACTER_SET_CLIENT=@OLD_CHARACTER_SET_CLIENT */;
/*!40101 SET CHARACTER_SET_RESULTS=@OLD_CHARACTER_SET_RESULTS */;
/*!40101 SET COLLATION_CONNECTION=@OLD_COLLATION_CONNECTION */;
/*!40111 SET SQL_NOTES=@OLD_SQL_NOTES */;

-- Dump completed on 2015-04-03 19:12:02
