-- MySQL dump 10.13  Distrib 5.7.6-m16, for Linux (x86_64)
--
-- Host: localhost    Database: mydb
-- ------------------------------------------------------
-- Server version	5.7.6-m16-log

/*!40101 SET @OLD_CHARACTER_SET_CLIENT=@@CHARACTER_SET_CLIENT */;
/*!40101 SET @OLD_CHARACTER_SET_RESULTS=@@CHARACTER_SET_RESULTS */;
/*!40101 SET @OLD_COLLATION_CONNECTION=@@COLLATION_CONNECTION */;
/*!40101 SET NAMES utf8 */;
/*!40103 SET @OLD_TIME_ZONE=@@TIME_ZONE */;
/*!40103 SET TIME_ZONE='+00:00' */;
/*!40014 SET @OLD_UNIQUE_CHECKS=@@UNIQUE_CHECKS, UNIQUE_CHECKS=0 */;
/*!40014 SET @OLD_FOREIGN_KEY_CHECKS=@@FOREIGN_KEY_CHECKS, FOREIGN_KEY_CHECKS=0 */;
/*!40101 SET @OLD_SQL_MODE=@@SQL_MODE, SQL_MODE='NO_AUTO_VALUE_ON_ZERO' */;
/*!40111 SET @OLD_SQL_NOTES=@@SQL_NOTES, SQL_NOTES=0 */;
SET @MYSQLDUMP_TEMP_LOG_BIN = @@SESSION.SQL_LOG_BIN;
SET @@SESSION.SQL_LOG_BIN= 0;

--
-- GTID state at the beginning of the backup 
--

SET @@GLOBAL.GTID_PURGED='ecb991db-cb86-11e4-b75b-001a4aa000e2:1-2218262';

--
-- Table structure for table `0NF_bbs`
--

DROP TABLE IF EXISTS `0NF_bbs`;
/*!40101 SET @saved_cs_client     = @@character_set_client */;
/*!40101 SET character_set_client = utf8 */;
CREATE TABLE `0NF_bbs` (
  `thread_title` varchar(255) NOT NULL,
  `thread_owner` varchar(255) NOT NULL,
  `thread_owner_email` varchar(255) NOT NULL,
  `thread_created` datetime NOT NULL,
  `comments` longtext NOT NULL,
  PRIMARY KEY (`thread_title`,`thread_owner`)
) ENGINE=InnoDB DEFAULT CHARSET=utf8;
/*!40101 SET character_set_client = @saved_cs_client */;

--
-- Dumping data for table `0NF_bbs`
--

LOCK TABLES `0NF_bbs` WRITE;
/*!40000 ALTER TABLE `0NF_bbs` DISABLE KEYS */;
INSERT INTO `0NF_bbs` VALUES ('ささみさんUC[ユニコーン]','yoku0825','sage','2015-04-06 12:15:20','1: 名無しさん 2015-04-06 12:15:20\nささみさん衰退しました\n\n2: 名無しさん 2015-04-06 12:15:20\n謎のフォーマーズ\n\n3: 名無しさん 2015-04-06 12:15:20\nガンダム金曜日\n\n4: 名無しさん 2015-04-06 12:15:20\nガンダム禁書目録\n\n5: 名無しさん 2015-04-06 12:15:20\n恋と選挙と＠がんばらない\n\n6: 名無しさん 2015-04-06 12:15:20\nとある魔術の教室\n\n7: 名無しさん 2015-04-06 12:15:20\nジョジョのアキト\n\n8: 名無しさん 2015-04-06 12:15:20\n恋と選挙とUC[ユニコーン]\n\n9: 名無しさん 2015-04-06 12:15:20\nアウトブレイクまどか☆マギカ\n\n10: 名無しさん 2015-04-06 12:15:20\nとある魔術の衰退しました\n\n11: 名無しさん 2015-04-06 12:15:20\n13日のカンパニー\n\n12: 名無しさん 2015-04-06 12:15:20\nアウトブレイクカンパニー\n\n13: 名無しさん 2015-04-06 12:15:20\nアウトブレイク彼女X\n\n14: 名無しさん 2015-04-06 12:15:20\nとある魔術のフォーマーズ'),('ささみさんフォーマーズ','yoku0825','sage','2015-04-06 12:15:20','1: 名無しさん 2015-04-06 12:15:20\nささみさんアキト\n\n2: 名無しさん 2015-04-06 12:15:20\nコードギアス亡国の青春男\n\n3: 名無しさん 2015-04-06 12:15:20\n謎の奇妙な冒険\n\n4: 名無しさん 2015-04-06 12:15:20\nささみさん恋がしたい!\n\n5: 名無しさん 2015-04-06 12:15:20\n僕は友達が恋がしたい!\n\n6: 名無しさん 2015-04-06 12:15:20\n魔法少女彼女X\n\n7: 名無しさん 2015-04-06 12:15:20\n謎の恋がしたい!\n\n8: 名無しさん 2015-04-06 12:15:20\nアウトブレイクストラトス\n\n9: 名無しさん 2015-04-06 12:15:20\nアイドル禁書目録\n\n10: 名無しさん 2015-04-06 12:15:20\n進撃のUC[ユニコーン]\n\n11: 名無しさん 2015-04-06 12:15:20\nささみさんカンパニー\n\n12: 名無しさん 2015-04-06 12:15:20\n13日の＠がんばらない\n\n13: 名無しさん 2015-04-06 12:15:20\n恋と選挙とまどか☆マギカ'),('アイドル教室','yoku0825','sage','2015-04-06 12:15:20','1: 名無しさん 2015-04-06 12:15:20\n電波女とストラトス\n\n2: 名無しさん 2015-04-06 12:15:20\n進撃の恋がしたい!\n\n3: 名無しさん 2015-04-06 12:15:20\nとある魔術の衰退しました'),('アウトブレイクカンパニー','yoku0825','sage','2015-04-06 12:15:20','1: 名無しさん 2015-04-06 12:15:20\n殺人＠がんばらない\n\n2: 名無しさん 2015-04-06 12:15:20\nアウトブレイクまどか☆マギカ\n\n3: 名無しさん 2015-04-06 12:15:20\n電波女と巨人'),('ジョジョの奇妙な冒険','yoku0825','sage','2015-04-06 12:15:20','1: 名無しさん 2015-04-06 12:15:20\n魔法少女奇妙な冒険\n\n2: 名無しさん 2015-04-06 12:15:20\n進撃の衰退しました\n\n3: 名無しさん 2015-04-06 12:15:20\n僕は友達がストラトス\n\n4: 名無しさん 2015-04-06 12:15:20\n電波女とUC[ユニコーン]\n\n5: 名無しさん 2015-04-06 12:15:20\nインフィニットカンパニー\n\n6: 名無しさん 2015-04-06 12:15:20\n進撃のマスター\n\n7: 名無しさん 2015-04-06 12:15:20\nささみさんまどか☆マギカ\n\n8: 名無しさん 2015-04-06 12:15:20\nアイドルチョコレート\n\n9: 名無しさん 2015-04-06 12:15:20\nとある魔術の青春男\n\n10: 名無しさん 2015-04-06 12:15:20\nとある魔術の衰退しました\n\n11: 名無しさん 2015-04-06 12:15:20\n僕は友達がまどか☆マギカ'),('テラストラトス','yoku0825','sage','2015-04-06 12:15:20','1: 名無しさん 2015-04-06 12:15:20\n魔法少女巨人\n\n2: 名無しさん 2015-04-06 12:15:20\nコードギアス亡国の巨人\n\n3: 名無しさん 2015-04-06 12:15:20\n恋と選挙とまどか☆マギカ\n\n4: 名無しさん 2015-04-06 12:15:20\n殺人青春男\n\n5: 名無しさん 2015-04-06 12:15:20\nテラストラトス\n\n6: 名無しさん 2015-04-06 12:15:20\n謎の衰退しました\n\n7: 名無しさん 2015-04-06 12:15:20\nコードギアス亡国のカンパニー\n\n8: 名無しさん 2015-04-06 12:15:20\n中二病でもストラトス\n\n9: 名無しさん 2015-04-06 12:15:20\n13日の奇妙な冒険\n\n10: 名無しさん 2015-04-06 12:15:20\nささみさん巨人\n\n11: 名無しさん 2015-04-06 12:15:20\nささみさんフォーマーズ\n\n12: 名無しさん 2015-04-06 12:15:20\n殺人フォーマーズ\n\n13: 名無しさん 2015-04-06 12:15:20\nアイドル少ない\n\n14: 名無しさん 2015-04-06 12:15:20\n殺人フォーマーズ'),('殺人＠がんばらない','yoku0825','sage','2015-04-06 12:15:20','1: 名無しさん 2015-04-06 12:15:20\nジョジョの禁書目録\n\n2: 名無しさん 2015-04-06 12:15:20\n中二病でもストラトス\n\n3: 名無しさん 2015-04-06 12:15:20\n進撃のUC[ユニコーン]\n\n4: 名無しさん 2015-04-06 12:15:20\nジョジョのUC[ユニコーン]\n\n5: 名無しさん 2015-04-06 12:15:20\nテラチョコレート\n\n6: 名無しさん 2015-04-06 12:15:20\n中二病でも青春男\n\n7: 名無しさん 2015-04-06 12:15:20\n人類は青春男\n\n8: 名無しさん 2015-04-06 12:15:20\nコードギアス亡国の衰退しました\n\n9: 名無しさん 2015-04-06 12:15:20\n13日の＠がんばらない\n\n10: 名無しさん 2015-04-06 12:15:20\n恋と選挙と少ない\n\n11: 名無しさん 2015-04-06 12:15:20\nガンダム奇妙な冒険\n\n12: 名無しさん 2015-04-06 12:15:20\nテラ彼女X\n\n13: 名無しさん 2015-04-06 12:15:20\n電波女とマスター\n\n14: 名無しさん 2015-04-06 12:15:20\n僕は友達がアキト\n\n15: 名無しさん 2015-04-06 12:15:20\n殺人衰退しました\n\n16: 名無しさん 2015-04-06 12:15:20\nガンダムフォーマーズ\n\n17: 名無しさん 2015-04-06 12:15:20\n人類は青春男\n\n18: 名無しさん 2015-04-06 12:15:20\nテラまどか☆マギカ\n\n19: 名無しさん 2015-04-06 12:15:20\nジョジョの奇妙な冒険\n\n20: 名無しさん 2015-04-06 12:15:20\nコードギアス亡国の恋がしたい!\n\n21: 名無しさん 2015-04-06 12:15:20\nインフィニットストラトス'),('謎の青春男','yoku0825','sage','2015-04-06 12:15:20','1: 名無しさん 2015-04-06 12:15:20\n進撃の巨人\n\n2: 名無しさん 2015-04-06 12:15:20\n進撃の少ない\n\n3: 名無しさん 2015-04-06 12:15:20\n僕は友達が衰退しました\n\n4: 名無しさん 2015-04-06 12:15:20\n電波女と恋がしたい!\n\n5: 名無しさん 2015-04-06 12:15:20\nガンダムチョコレート\n\n6: 名無しさん 2015-04-06 12:15:20\n13日の少ない\n\n7: 名無しさん 2015-04-06 12:15:20\nとある魔術のカンパニー\n\n8: 名無しさん 2015-04-06 12:15:20\nささみさんストラトス\n\n9: 名無しさん 2015-04-06 12:15:20\n殺人青春男\n\n10: 名無しさん 2015-04-06 12:15:20\nとある魔術のチョコレート\n\n11: 名無しさん 2015-04-06 12:15:20\n人類は奇妙な冒険\n\n12: 名無しさん 2015-04-06 12:15:20\nささみさんカンパニー\n\n13: 名無しさん 2015-04-06 12:15:20\n殺人衰退しました\n\n14: 名無しさん 2015-04-06 12:15:20\n魔法少女彼女X\n\n15: 名無しさん 2015-04-06 12:15:20\nささみさんカンパニー\n\n16: 名無しさん 2015-04-06 12:15:20\nとある魔術のアキト'),('電波女と衰退しました','yoku0825','sage','2015-04-06 12:15:20','1: 名無しさん 2015-04-06 12:15:20\n恋と選挙と恋がしたい!\n\n2: 名無しさん 2015-04-06 12:15:20\n進撃の彼女X\n\n3: 名無しさん 2015-04-06 12:15:20\nアイドル禁書目録\n\n4: 名無しさん 2015-04-06 12:15:20\n中二病でもストラトス\n\n5: 名無しさん 2015-04-06 12:15:20\n殺人教室\n\n6: 名無しさん 2015-04-06 12:15:20\nささみさん奇妙な冒険\n\n7: 名無しさん 2015-04-06 12:15:20\nとある魔術のチョコレート\n\n8: 名無しさん 2015-04-06 12:15:20\n僕は友達が少ない\n\n9: 名無しさん 2015-04-06 12:15:20\nガンダムUC[ユニコーン]\n\n10: 名無しさん 2015-04-06 12:15:20\nアイドル＠がんばらない\n\n11: 名無しさん 2015-04-06 12:15:20\n進撃の金曜日\n\n12: 名無しさん 2015-04-06 12:15:20\n人類は金曜日\n\n13: 名無しさん 2015-04-06 12:15:20\nアイドル教室\n\n14: 名無しさん 2015-04-06 12:15:20\n中二病でもマスター');
/*!40000 ALTER TABLE `0NF_bbs` ENABLE KEYS */;
UNLOCK TABLES;

--
-- Table structure for table `1NF_bbs`
--

DROP TABLE IF EXISTS `1NF_bbs`;
/*!40101 SET @saved_cs_client     = @@character_set_client */;
/*!40101 SET character_set_client = utf8 */;
CREATE TABLE `1NF_bbs` (
  `thread_title` varchar(255) NOT NULL,
  `thread_owner` varchar(255) NOT NULL,
  `thread_owner_email` varchar(255) NOT NULL,
  `thread_created` datetime NOT NULL,
  `comment_number` int(10) unsigned NOT NULL,
  `comment_owner` varchar(255) NOT NULL,
  `comment_owner_email` varchar(255) NOT NULL,
  `comment_created` datetime NOT NULL,
  `comment_body` longtext NOT NULL,
  PRIMARY KEY (`thread_title`,`thread_owner`,`comment_number`)
) ENGINE=InnoDB DEFAULT CHARSET=utf8;
/*!40101 SET character_set_client = @saved_cs_client */;

--
-- Dumping data for table `1NF_bbs`
--

LOCK TABLES `1NF_bbs` WRITE;
/*!40000 ALTER TABLE `1NF_bbs` DISABLE KEYS */;
INSERT INTO `1NF_bbs` VALUES ('ささみさんUC[ユニコーン]','yoku0825','sage','2015-04-06 12:15:20',1,'名無しさん','sage','2015-04-06 12:15:20','ささみさん衰退しました'),('ささみさんUC[ユニコーン]','yoku0825','sage','2015-04-06 12:15:20',2,'名無しさん','sage','2015-04-06 12:15:20','謎のフォーマーズ'),('ささみさんUC[ユニコーン]','yoku0825','sage','2015-04-06 12:15:20',3,'名無しさん','sage','2015-04-06 12:15:20','ガンダム金曜日'),('ささみさんUC[ユニコーン]','yoku0825','sage','2015-04-06 12:15:20',4,'名無しさん','sage','2015-04-06 12:15:20','ガンダム禁書目録'),('ささみさんUC[ユニコーン]','yoku0825','sage','2015-04-06 12:15:20',5,'名無しさん','sage','2015-04-06 12:15:20','恋と選挙と＠がんばらない'),('ささみさんUC[ユニコーン]','yoku0825','sage','2015-04-06 12:15:20',6,'名無しさん','sage','2015-04-06 12:15:20','とある魔術の教室'),('ささみさんUC[ユニコーン]','yoku0825','sage','2015-04-06 12:15:20',7,'名無しさん','sage','2015-04-06 12:15:20','ジョジョのアキト'),('ささみさんUC[ユニコーン]','yoku0825','sage','2015-04-06 12:15:20',8,'名無しさん','sage','2015-04-06 12:15:20','恋と選挙とUC[ユニコーン]'),('ささみさんUC[ユニコーン]','yoku0825','sage','2015-04-06 12:15:20',9,'名無しさん','sage','2015-04-06 12:15:20','アウトブレイクまどか☆マギカ'),('ささみさんUC[ユニコーン]','yoku0825','sage','2015-04-06 12:15:20',10,'名無しさん','sage','2015-04-06 12:15:20','とある魔術の衰退しました'),('ささみさんUC[ユニコーン]','yoku0825','sage','2015-04-06 12:15:20',11,'名無しさん','sage','2015-04-06 12:15:20','13日のカンパニー'),('ささみさんUC[ユニコーン]','yoku0825','sage','2015-04-06 12:15:20',12,'名無しさん','sage','2015-04-06 12:15:20','アウトブレイクカンパニー'),('ささみさんUC[ユニコーン]','yoku0825','sage','2015-04-06 12:15:20',13,'名無しさん','sage','2015-04-06 12:15:20','アウトブレイク彼女X'),('ささみさんUC[ユニコーン]','yoku0825','sage','2015-04-06 12:15:20',14,'名無しさん','sage','2015-04-06 12:15:20','とある魔術のフォーマーズ'),('ささみさんフォーマーズ','yoku0825','sage','2015-04-06 12:15:20',1,'名無しさん','sage','2015-04-06 12:15:20','ささみさんアキト'),('ささみさんフォーマーズ','yoku0825','sage','2015-04-06 12:15:20',2,'名無しさん','sage','2015-04-06 12:15:20','コードギアス亡国の青春男'),('ささみさんフォーマーズ','yoku0825','sage','2015-04-06 12:15:20',3,'名無しさん','sage','2015-04-06 12:15:20','謎の奇妙な冒険'),('ささみさんフォーマーズ','yoku0825','sage','2015-04-06 12:15:20',4,'名無しさん','sage','2015-04-06 12:15:20','ささみさん恋がしたい!'),('ささみさんフォーマーズ','yoku0825','sage','2015-04-06 12:15:20',5,'名無しさん','sage','2015-04-06 12:15:20','僕は友達が恋がしたい!'),('ささみさんフォーマーズ','yoku0825','sage','2015-04-06 12:15:20',6,'名無しさん','sage','2015-04-06 12:15:20','魔法少女彼女X'),('ささみさんフォーマーズ','yoku0825','sage','2015-04-06 12:15:20',7,'名無しさん','sage','2015-04-06 12:15:20','謎の恋がしたい!'),('ささみさんフォーマーズ','yoku0825','sage','2015-04-06 12:15:20',8,'名無しさん','sage','2015-04-06 12:15:20','アウトブレイクストラトス'),('ささみさんフォーマーズ','yoku0825','sage','2015-04-06 12:15:20',9,'名無しさん','sage','2015-04-06 12:15:20','アイドル禁書目録'),('ささみさんフォーマーズ','yoku0825','sage','2015-04-06 12:15:20',10,'名無しさん','sage','2015-04-06 12:15:20','進撃のUC[ユニコーン]'),('ささみさんフォーマーズ','yoku0825','sage','2015-04-06 12:15:20',11,'名無しさん','sage','2015-04-06 12:15:20','ささみさんカンパニー'),('ささみさんフォーマーズ','yoku0825','sage','2015-04-06 12:15:20',12,'名無しさん','sage','2015-04-06 12:15:20','13日の＠がんばらない'),('ささみさんフォーマーズ','yoku0825','sage','2015-04-06 12:15:20',13,'名無しさん','sage','2015-04-06 12:15:20','恋と選挙とまどか☆マギカ'),('アイドル教室','yoku0825','sage','2015-04-06 12:15:20',1,'名無しさん','sage','2015-04-06 12:15:20','電波女とストラトス'),('アイドル教室','yoku0825','sage','2015-04-06 12:15:20',2,'名無しさん','sage','2015-04-06 12:15:20','進撃の恋がしたい!'),('アイドル教室','yoku0825','sage','2015-04-06 12:15:20',3,'名無しさん','sage','2015-04-06 12:15:20','とある魔術の衰退しました'),('アウトブレイクカンパニー','yoku0825','sage','2015-04-06 12:15:20',1,'名無しさん','sage','2015-04-06 12:15:20','殺人＠がんばらない'),('アウトブレイクカンパニー','yoku0825','sage','2015-04-06 12:15:20',2,'名無しさん','sage','2015-04-06 12:15:20','アウトブレイクまどか☆マギカ'),('アウトブレイクカンパニー','yoku0825','sage','2015-04-06 12:15:20',3,'名無しさん','sage','2015-04-06 12:15:20','電波女と巨人'),('ジョジョの奇妙な冒険','yoku0825','sage','2015-04-06 12:15:20',1,'名無しさん','sage','2015-04-06 12:15:20','魔法少女奇妙な冒険'),('ジョジョの奇妙な冒険','yoku0825','sage','2015-04-06 12:15:20',2,'名無しさん','sage','2015-04-06 12:15:20','進撃の衰退しました'),('ジョジョの奇妙な冒険','yoku0825','sage','2015-04-06 12:15:20',3,'名無しさん','sage','2015-04-06 12:15:20','僕は友達がストラトス'),('ジョジョの奇妙な冒険','yoku0825','sage','2015-04-06 12:15:20',4,'名無しさん','sage','2015-04-06 12:15:20','電波女とUC[ユニコーン]'),('ジョジョの奇妙な冒険','yoku0825','sage','2015-04-06 12:15:20',5,'名無しさん','sage','2015-04-06 12:15:20','インフィニットカンパニー'),('ジョジョの奇妙な冒険','yoku0825','sage','2015-04-06 12:15:20',6,'名無しさん','sage','2015-04-06 12:15:20','進撃のマスター'),('ジョジョの奇妙な冒険','yoku0825','sage','2015-04-06 12:15:20',7,'名無しさん','sage','2015-04-06 12:15:20','ささみさんまどか☆マギカ'),('ジョジョの奇妙な冒険','yoku0825','sage','2015-04-06 12:15:20',8,'名無しさん','sage','2015-04-06 12:15:20','アイドルチョコレート'),('ジョジョの奇妙な冒険','yoku0825','sage','2015-04-06 12:15:20',9,'名無しさん','sage','2015-04-06 12:15:20','とある魔術の青春男'),('ジョジョの奇妙な冒険','yoku0825','sage','2015-04-06 12:15:20',10,'名無しさん','sage','2015-04-06 12:15:20','とある魔術の衰退しました'),('ジョジョの奇妙な冒険','yoku0825','sage','2015-04-06 12:15:20',11,'名無しさん','sage','2015-04-06 12:15:20','僕は友達がまどか☆マギカ'),('テラストラトス','yoku0825','sage','2015-04-06 12:15:20',1,'名無しさん','sage','2015-04-06 12:15:20','魔法少女巨人'),('テラストラトス','yoku0825','sage','2015-04-06 12:15:20',2,'名無しさん','sage','2015-04-06 12:15:20','コードギアス亡国の巨人'),('テラストラトス','yoku0825','sage','2015-04-06 12:15:20',3,'名無しさん','sage','2015-04-06 12:15:20','恋と選挙とまどか☆マギカ'),('テラストラトス','yoku0825','sage','2015-04-06 12:15:20',4,'名無しさん','sage','2015-04-06 12:15:20','殺人青春男'),('テラストラトス','yoku0825','sage','2015-04-06 12:15:20',5,'名無しさん','sage','2015-04-06 12:15:20','テラストラトス'),('テラストラトス','yoku0825','sage','2015-04-06 12:15:20',6,'名無しさん','sage','2015-04-06 12:15:20','謎の衰退しました'),('テラストラトス','yoku0825','sage','2015-04-06 12:15:20',7,'名無しさん','sage','2015-04-06 12:15:20','コードギアス亡国のカンパニー'),('テラストラトス','yoku0825','sage','2015-04-06 12:15:20',8,'名無しさん','sage','2015-04-06 12:15:20','中二病でもストラトス'),('テラストラトス','yoku0825','sage','2015-04-06 12:15:20',9,'名無しさん','sage','2015-04-06 12:15:20','13日の奇妙な冒険'),('テラストラトス','yoku0825','sage','2015-04-06 12:15:20',10,'名無しさん','sage','2015-04-06 12:15:20','ささみさん巨人'),('テラストラトス','yoku0825','sage','2015-04-06 12:15:20',11,'名無しさん','sage','2015-04-06 12:15:20','ささみさんフォーマーズ'),('テラストラトス','yoku0825','sage','2015-04-06 12:15:20',12,'名無しさん','sage','2015-04-06 12:15:20','殺人フォーマーズ'),('テラストラトス','yoku0825','sage','2015-04-06 12:15:20',13,'名無しさん','sage','2015-04-06 12:15:20','アイドル少ない'),('テラストラトス','yoku0825','sage','2015-04-06 12:15:20',14,'名無しさん','sage','2015-04-06 12:15:20','殺人フォーマーズ'),('殺人＠がんばらない','yoku0825','sage','2015-04-06 12:15:20',1,'名無しさん','sage','2015-04-06 12:15:20','ジョジョの禁書目録'),('殺人＠がんばらない','yoku0825','sage','2015-04-06 12:15:20',2,'名無しさん','sage','2015-04-06 12:15:20','中二病でもストラトス'),('殺人＠がんばらない','yoku0825','sage','2015-04-06 12:15:20',3,'名無しさん','sage','2015-04-06 12:15:20','進撃のUC[ユニコーン]'),('殺人＠がんばらない','yoku0825','sage','2015-04-06 12:15:20',4,'名無しさん','sage','2015-04-06 12:15:20','ジョジョのUC[ユニコーン]'),('殺人＠がんばらない','yoku0825','sage','2015-04-06 12:15:20',5,'名無しさん','sage','2015-04-06 12:15:20','テラチョコレート'),('殺人＠がんばらない','yoku0825','sage','2015-04-06 12:15:20',6,'名無しさん','sage','2015-04-06 12:15:20','中二病でも青春男'),('殺人＠がんばらない','yoku0825','sage','2015-04-06 12:15:20',7,'名無しさん','sage','2015-04-06 12:15:20','人類は青春男'),('殺人＠がんばらない','yoku0825','sage','2015-04-06 12:15:20',8,'名無しさん','sage','2015-04-06 12:15:20','コードギアス亡国の衰退しました'),('殺人＠がんばらない','yoku0825','sage','2015-04-06 12:15:20',9,'名無しさん','sage','2015-04-06 12:15:20','13日の＠がんばらない'),('殺人＠がんばらない','yoku0825','sage','2015-04-06 12:15:20',10,'名無しさん','sage','2015-04-06 12:15:20','恋と選挙と少ない'),('殺人＠がんばらない','yoku0825','sage','2015-04-06 12:15:20',11,'名無しさん','sage','2015-04-06 12:15:20','ガンダム奇妙な冒険'),('殺人＠がんばらない','yoku0825','sage','2015-04-06 12:15:20',12,'名無しさん','sage','2015-04-06 12:15:20','テラ彼女X'),('殺人＠がんばらない','yoku0825','sage','2015-04-06 12:15:20',13,'名無しさん','sage','2015-04-06 12:15:20','電波女とマスター'),('殺人＠がんばらない','yoku0825','sage','2015-04-06 12:15:20',14,'名無しさん','sage','2015-04-06 12:15:20','僕は友達がアキト'),('殺人＠がんばらない','yoku0825','sage','2015-04-06 12:15:20',15,'名無しさん','sage','2015-04-06 12:15:20','殺人衰退しました'),('殺人＠がんばらない','yoku0825','sage','2015-04-06 12:15:20',16,'名無しさん','sage','2015-04-06 12:15:20','ガンダムフォーマーズ'),('殺人＠がんばらない','yoku0825','sage','2015-04-06 12:15:20',17,'名無しさん','sage','2015-04-06 12:15:20','人類は青春男'),('殺人＠がんばらない','yoku0825','sage','2015-04-06 12:15:20',18,'名無しさん','sage','2015-04-06 12:15:20','テラまどか☆マギカ'),('殺人＠がんばらない','yoku0825','sage','2015-04-06 12:15:20',19,'名無しさん','sage','2015-04-06 12:15:20','ジョジョの奇妙な冒険'),('殺人＠がんばらない','yoku0825','sage','2015-04-06 12:15:20',20,'名無しさん','sage','2015-04-06 12:15:20','コードギアス亡国の恋がしたい!'),('殺人＠がんばらない','yoku0825','sage','2015-04-06 12:15:20',21,'名無しさん','sage','2015-04-06 12:15:20','インフィニットストラトス'),('謎の青春男','yoku0825','sage','2015-04-06 12:15:20',1,'名無しさん','sage','2015-04-06 12:15:20','進撃の巨人'),('謎の青春男','yoku0825','sage','2015-04-06 12:15:20',2,'名無しさん','sage','2015-04-06 12:15:20','進撃の少ない'),('謎の青春男','yoku0825','sage','2015-04-06 12:15:20',3,'名無しさん','sage','2015-04-06 12:15:20','僕は友達が衰退しました'),('謎の青春男','yoku0825','sage','2015-04-06 12:15:20',4,'名無しさん','sage','2015-04-06 12:15:20','電波女と恋がしたい!'),('謎の青春男','yoku0825','sage','2015-04-06 12:15:20',5,'名無しさん','sage','2015-04-06 12:15:20','ガンダムチョコレート'),('謎の青春男','yoku0825','sage','2015-04-06 12:15:20',6,'名無しさん','sage','2015-04-06 12:15:20','13日の少ない'),('謎の青春男','yoku0825','sage','2015-04-06 12:15:20',7,'名無しさん','sage','2015-04-06 12:15:20','とある魔術のカンパニー'),('謎の青春男','yoku0825','sage','2015-04-06 12:15:20',8,'名無しさん','sage','2015-04-06 12:15:20','ささみさんストラトス'),('謎の青春男','yoku0825','sage','2015-04-06 12:15:20',9,'名無しさん','sage','2015-04-06 12:15:20','殺人青春男'),('謎の青春男','yoku0825','sage','2015-04-06 12:15:20',10,'名無しさん','sage','2015-04-06 12:15:20','とある魔術のチョコレート'),('謎の青春男','yoku0825','sage','2015-04-06 12:15:20',11,'名無しさん','sage','2015-04-06 12:15:20','人類は奇妙な冒険'),('謎の青春男','yoku0825','sage','2015-04-06 12:15:20',12,'名無しさん','sage','2015-04-06 12:15:20','ささみさんカンパニー'),('謎の青春男','yoku0825','sage','2015-04-06 12:15:20',13,'名無しさん','sage','2015-04-06 12:15:20','殺人衰退しました'),('謎の青春男','yoku0825','sage','2015-04-06 12:15:20',14,'名無しさん','sage','2015-04-06 12:15:20','魔法少女彼女X'),('謎の青春男','yoku0825','sage','2015-04-06 12:15:20',15,'名無しさん','sage','2015-04-06 12:15:20','ささみさんカンパニー'),('謎の青春男','yoku0825','sage','2015-04-06 12:15:20',16,'名無しさん','sage','2015-04-06 12:15:20','とある魔術のアキト'),('電波女と衰退しました','yoku0825','sage','2015-04-06 12:15:20',1,'名無しさん','sage','2015-04-06 12:15:20','恋と選挙と恋がしたい!'),('電波女と衰退しました','yoku0825','sage','2015-04-06 12:15:20',2,'名無しさん','sage','2015-04-06 12:15:20','進撃の彼女X'),('電波女と衰退しました','yoku0825','sage','2015-04-06 12:15:20',3,'名無しさん','sage','2015-04-06 12:15:20','アイドル禁書目録'),('電波女と衰退しました','yoku0825','sage','2015-04-06 12:15:20',4,'名無しさん','sage','2015-04-06 12:15:20','中二病でもストラトス'),('電波女と衰退しました','yoku0825','sage','2015-04-06 12:15:20',5,'名無しさん','sage','2015-04-06 12:15:20','殺人教室'),('電波女と衰退しました','yoku0825','sage','2015-04-06 12:15:20',6,'名無しさん','sage','2015-04-06 12:15:20','ささみさん奇妙な冒険'),('電波女と衰退しました','yoku0825','sage','2015-04-06 12:15:20',7,'名無しさん','sage','2015-04-06 12:15:20','とある魔術のチョコレート'),('電波女と衰退しました','yoku0825','sage','2015-04-06 12:15:20',8,'名無しさん','sage','2015-04-06 12:15:20','僕は友達が少ない'),('電波女と衰退しました','yoku0825','sage','2015-04-06 12:15:20',9,'名無しさん','sage','2015-04-06 12:15:20','ガンダムUC[ユニコーン]'),('電波女と衰退しました','yoku0825','sage','2015-04-06 12:15:20',10,'名無しさん','sage','2015-04-06 12:15:20','アイドル＠がんばらない'),('電波女と衰退しました','yoku0825','sage','2015-04-06 12:15:20',11,'名無しさん','sage','2015-04-06 12:15:20','進撃の金曜日'),('電波女と衰退しました','yoku0825','sage','2015-04-06 12:15:20',12,'名無しさん','sage','2015-04-06 12:15:20','人類は金曜日'),('電波女と衰退しました','yoku0825','sage','2015-04-06 12:15:20',13,'名無しさん','sage','2015-04-06 12:15:20','アイドル教室'),('電波女と衰退しました','yoku0825','sage','2015-04-06 12:15:20',14,'名無しさん','sage','2015-04-06 12:15:20','中二病でもマスター');
/*!40000 ALTER TABLE `1NF_bbs` ENABLE KEYS */;
UNLOCK TABLES;

--
-- Table structure for table `2NF_bbs_main`
--

DROP TABLE IF EXISTS `2NF_bbs_main`;
/*!40101 SET @saved_cs_client     = @@character_set_client */;
/*!40101 SET character_set_client = utf8 */;
CREATE TABLE `2NF_bbs_main` (
  `thread_title` varchar(255) NOT NULL,
  `thread_owner` varchar(255) NOT NULL,
  `comment_number` int(10) unsigned NOT NULL,
  `comment_owner` varchar(255) NOT NULL,
  `comment_owner_email` varchar(255) NOT NULL,
  `comment_created` datetime NOT NULL,
  `comment_body` longtext NOT NULL,
  PRIMARY KEY (`thread_title`,`thread_owner`,`comment_number`)
) ENGINE=InnoDB DEFAULT CHARSET=utf8;
/*!40101 SET character_set_client = @saved_cs_client */;

--
-- Dumping data for table `2NF_bbs_main`
--

LOCK TABLES `2NF_bbs_main` WRITE;
/*!40000 ALTER TABLE `2NF_bbs_main` DISABLE KEYS */;
INSERT INTO `2NF_bbs_main` VALUES ('ささみさんUC[ユニコーン]','yoku0825',1,'名無しさん','sage','2015-04-06 12:15:20','ささみさん衰退しました'),('ささみさんUC[ユニコーン]','yoku0825',2,'名無しさん','sage','2015-04-06 12:15:20','謎のフォーマーズ'),('ささみさんUC[ユニコーン]','yoku0825',3,'名無しさん','sage','2015-04-06 12:15:20','ガンダム金曜日'),('ささみさんUC[ユニコーン]','yoku0825',4,'名無しさん','sage','2015-04-06 12:15:20','ガンダム禁書目録'),('ささみさんUC[ユニコーン]','yoku0825',5,'名無しさん','sage','2015-04-06 12:15:20','恋と選挙と＠がんばらない'),('ささみさんUC[ユニコーン]','yoku0825',6,'名無しさん','sage','2015-04-06 12:15:20','とある魔術の教室'),('ささみさんUC[ユニコーン]','yoku0825',7,'名無しさん','sage','2015-04-06 12:15:20','ジョジョのアキト'),('ささみさんUC[ユニコーン]','yoku0825',8,'名無しさん','sage','2015-04-06 12:15:20','恋と選挙とUC[ユニコーン]'),('ささみさんUC[ユニコーン]','yoku0825',9,'名無しさん','sage','2015-04-06 12:15:20','アウトブレイクまどか☆マギカ'),('ささみさんUC[ユニコーン]','yoku0825',10,'名無しさん','sage','2015-04-06 12:15:20','とある魔術の衰退しました'),('ささみさんUC[ユニコーン]','yoku0825',11,'名無しさん','sage','2015-04-06 12:15:20','13日のカンパニー'),('ささみさんUC[ユニコーン]','yoku0825',12,'名無しさん','sage','2015-04-06 12:15:20','アウトブレイクカンパニー'),('ささみさんUC[ユニコーン]','yoku0825',13,'名無しさん','sage','2015-04-06 12:15:20','アウトブレイク彼女X'),('ささみさんUC[ユニコーン]','yoku0825',14,'名無しさん','sage','2015-04-06 12:15:20','とある魔術のフォーマーズ'),('ささみさんフォーマーズ','yoku0825',1,'名無しさん','sage','2015-04-06 12:15:20','ささみさんアキト'),('ささみさんフォーマーズ','yoku0825',2,'名無しさん','sage','2015-04-06 12:15:20','コードギアス亡国の青春男'),('ささみさんフォーマーズ','yoku0825',3,'名無しさん','sage','2015-04-06 12:15:20','謎の奇妙な冒険'),('ささみさんフォーマーズ','yoku0825',4,'名無しさん','sage','2015-04-06 12:15:20','ささみさん恋がしたい!'),('ささみさんフォーマーズ','yoku0825',5,'名無しさん','sage','2015-04-06 12:15:20','僕は友達が恋がしたい!'),('ささみさんフォーマーズ','yoku0825',6,'名無しさん','sage','2015-04-06 12:15:20','魔法少女彼女X'),('ささみさんフォーマーズ','yoku0825',7,'名無しさん','sage','2015-04-06 12:15:20','謎の恋がしたい!'),('ささみさんフォーマーズ','yoku0825',8,'名無しさん','sage','2015-04-06 12:15:20','アウトブレイクストラトス'),('ささみさんフォーマーズ','yoku0825',9,'名無しさん','sage','2015-04-06 12:15:20','アイドル禁書目録'),('ささみさんフォーマーズ','yoku0825',10,'名無しさん','sage','2015-04-06 12:15:20','進撃のUC[ユニコーン]'),('ささみさんフォーマーズ','yoku0825',11,'名無しさん','sage','2015-04-06 12:15:20','ささみさんカンパニー'),('ささみさんフォーマーズ','yoku0825',12,'名無しさん','sage','2015-04-06 12:15:20','13日の＠がんばらない'),('ささみさんフォーマーズ','yoku0825',13,'名無しさん','sage','2015-04-06 12:15:20','恋と選挙とまどか☆マギカ'),('アイドル教室','yoku0825',1,'名無しさん','sage','2015-04-06 12:15:20','電波女とストラトス'),('アイドル教室','yoku0825',2,'名無しさん','sage','2015-04-06 12:15:20','進撃の恋がしたい!'),('アイドル教室','yoku0825',3,'名無しさん','sage','2015-04-06 12:15:20','とある魔術の衰退しました'),('アウトブレイクカンパニー','yoku0825',1,'名無しさん','sage','2015-04-06 12:15:20','殺人＠がんばらない'),('アウトブレイクカンパニー','yoku0825',2,'名無しさん','sage','2015-04-06 12:15:20','アウトブレイクまどか☆マギカ'),('アウトブレイクカンパニー','yoku0825',3,'名無しさん','sage','2015-04-06 12:15:20','電波女と巨人'),('ジョジョの奇妙な冒険','yoku0825',1,'名無しさん','sage','2015-04-06 12:15:20','魔法少女奇妙な冒険'),('ジョジョの奇妙な冒険','yoku0825',2,'名無しさん','sage','2015-04-06 12:15:20','進撃の衰退しました'),('ジョジョの奇妙な冒険','yoku0825',3,'名無しさん','sage','2015-04-06 12:15:20','僕は友達がストラトス'),('ジョジョの奇妙な冒険','yoku0825',4,'名無しさん','sage','2015-04-06 12:15:20','電波女とUC[ユニコーン]'),('ジョジョの奇妙な冒険','yoku0825',5,'名無しさん','sage','2015-04-06 12:15:20','インフィニットカンパニー'),('ジョジョの奇妙な冒険','yoku0825',6,'名無しさん','sage','2015-04-06 12:15:20','進撃のマスター'),('ジョジョの奇妙な冒険','yoku0825',7,'名無しさん','sage','2015-04-06 12:15:20','ささみさんまどか☆マギカ'),('ジョジョの奇妙な冒険','yoku0825',8,'名無しさん','sage','2015-04-06 12:15:20','アイドルチョコレート'),('ジョジョの奇妙な冒険','yoku0825',9,'名無しさん','sage','2015-04-06 12:15:20','とある魔術の青春男'),('ジョジョの奇妙な冒険','yoku0825',10,'名無しさん','sage','2015-04-06 12:15:20','とある魔術の衰退しました'),('ジョジョの奇妙な冒険','yoku0825',11,'名無しさん','sage','2015-04-06 12:15:20','僕は友達がまどか☆マギカ'),('テラストラトス','yoku0825',1,'名無しさん','sage','2015-04-06 12:15:20','魔法少女巨人'),('テラストラトス','yoku0825',2,'名無しさん','sage','2015-04-06 12:15:20','コードギアス亡国の巨人'),('テラストラトス','yoku0825',3,'名無しさん','sage','2015-04-06 12:15:20','恋と選挙とまどか☆マギカ'),('テラストラトス','yoku0825',4,'名無しさん','sage','2015-04-06 12:15:20','殺人青春男'),('テラストラトス','yoku0825',5,'名無しさん','sage','2015-04-06 12:15:20','テラストラトス'),('テラストラトス','yoku0825',6,'名無しさん','sage','2015-04-06 12:15:20','謎の衰退しました'),('テラストラトス','yoku0825',7,'名無しさん','sage','2015-04-06 12:15:20','コードギアス亡国のカンパニー'),('テラストラトス','yoku0825',8,'名無しさん','sage','2015-04-06 12:15:20','中二病でもストラトス'),('テラストラトス','yoku0825',9,'名無しさん','sage','2015-04-06 12:15:20','13日の奇妙な冒険'),('テラストラトス','yoku0825',10,'名無しさん','sage','2015-04-06 12:15:20','ささみさん巨人'),('テラストラトス','yoku0825',11,'名無しさん','sage','2015-04-06 12:15:20','ささみさんフォーマーズ'),('テラストラトス','yoku0825',12,'名無しさん','sage','2015-04-06 12:15:20','殺人フォーマーズ'),('テラストラトス','yoku0825',13,'名無しさん','sage','2015-04-06 12:15:20','アイドル少ない'),('テラストラトス','yoku0825',14,'名無しさん','sage','2015-04-06 12:15:20','殺人フォーマーズ'),('殺人＠がんばらない','yoku0825',1,'名無しさん','sage','2015-04-06 12:15:20','ジョジョの禁書目録'),('殺人＠がんばらない','yoku0825',2,'名無しさん','sage','2015-04-06 12:15:20','中二病でもストラトス'),('殺人＠がんばらない','yoku0825',3,'名無しさん','sage','2015-04-06 12:15:20','進撃のUC[ユニコーン]'),('殺人＠がんばらない','yoku0825',4,'名無しさん','sage','2015-04-06 12:15:20','ジョジョのUC[ユニコーン]'),('殺人＠がんばらない','yoku0825',5,'名無しさん','sage','2015-04-06 12:15:20','テラチョコレート'),('殺人＠がんばらない','yoku0825',6,'名無しさん','sage','2015-04-06 12:15:20','中二病でも青春男'),('殺人＠がんばらない','yoku0825',7,'名無しさん','sage','2015-04-06 12:15:20','人類は青春男'),('殺人＠がんばらない','yoku0825',8,'名無しさん','sage','2015-04-06 12:15:20','コードギアス亡国の衰退しました'),('殺人＠がんばらない','yoku0825',9,'名無しさん','sage','2015-04-06 12:15:20','13日の＠がんばらない'),('殺人＠がんばらない','yoku0825',10,'名無しさん','sage','2015-04-06 12:15:20','恋と選挙と少ない'),('殺人＠がんばらない','yoku0825',11,'名無しさん','sage','2015-04-06 12:15:20','ガンダム奇妙な冒険'),('殺人＠がんばらない','yoku0825',12,'名無しさん','sage','2015-04-06 12:15:20','テラ彼女X'),('殺人＠がんばらない','yoku0825',13,'名無しさん','sage','2015-04-06 12:15:20','電波女とマスター'),('殺人＠がんばらない','yoku0825',14,'名無しさん','sage','2015-04-06 12:15:20','僕は友達がアキト'),('殺人＠がんばらない','yoku0825',15,'名無しさん','sage','2015-04-06 12:15:20','殺人衰退しました'),('殺人＠がんばらない','yoku0825',16,'名無しさん','sage','2015-04-06 12:15:20','ガンダムフォーマーズ'),('殺人＠がんばらない','yoku0825',17,'名無しさん','sage','2015-04-06 12:15:20','人類は青春男'),('殺人＠がんばらない','yoku0825',18,'名無しさん','sage','2015-04-06 12:15:20','テラまどか☆マギカ'),('殺人＠がんばらない','yoku0825',19,'名無しさん','sage','2015-04-06 12:15:20','ジョジョの奇妙な冒険'),('殺人＠がんばらない','yoku0825',20,'名無しさん','sage','2015-04-06 12:15:20','コードギアス亡国の恋がしたい!'),('殺人＠がんばらない','yoku0825',21,'名無しさん','sage','2015-04-06 12:15:20','インフィニットストラトス'),('謎の青春男','yoku0825',1,'名無しさん','sage','2015-04-06 12:15:20','進撃の巨人'),('謎の青春男','yoku0825',2,'名無しさん','sage','2015-04-06 12:15:20','進撃の少ない'),('謎の青春男','yoku0825',3,'名無しさん','sage','2015-04-06 12:15:20','僕は友達が衰退しました'),('謎の青春男','yoku0825',4,'名無しさん','sage','2015-04-06 12:15:20','電波女と恋がしたい!'),('謎の青春男','yoku0825',5,'名無しさん','sage','2015-04-06 12:15:20','ガンダムチョコレート'),('謎の青春男','yoku0825',6,'名無しさん','sage','2015-04-06 12:15:20','13日の少ない'),('謎の青春男','yoku0825',7,'名無しさん','sage','2015-04-06 12:15:20','とある魔術のカンパニー'),('謎の青春男','yoku0825',8,'名無しさん','sage','2015-04-06 12:15:20','ささみさんストラトス'),('謎の青春男','yoku0825',9,'名無しさん','sage','2015-04-06 12:15:20','殺人青春男'),('謎の青春男','yoku0825',10,'名無しさん','sage','2015-04-06 12:15:20','とある魔術のチョコレート'),('謎の青春男','yoku0825',11,'名無しさん','sage','2015-04-06 12:15:20','人類は奇妙な冒険'),('謎の青春男','yoku0825',12,'名無しさん','sage','2015-04-06 12:15:20','ささみさんカンパニー'),('謎の青春男','yoku0825',13,'名無しさん','sage','2015-04-06 12:15:20','殺人衰退しました'),('謎の青春男','yoku0825',14,'名無しさん','sage','2015-04-06 12:15:20','魔法少女彼女X'),('謎の青春男','yoku0825',15,'名無しさん','sage','2015-04-06 12:15:20','ささみさんカンパニー'),('謎の青春男','yoku0825',16,'名無しさん','sage','2015-04-06 12:15:20','とある魔術のアキト'),('電波女と衰退しました','yoku0825',1,'名無しさん','sage','2015-04-06 12:15:20','恋と選挙と恋がしたい!'),('電波女と衰退しました','yoku0825',2,'名無しさん','sage','2015-04-06 12:15:20','進撃の彼女X'),('電波女と衰退しました','yoku0825',3,'名無しさん','sage','2015-04-06 12:15:20','アイドル禁書目録'),('電波女と衰退しました','yoku0825',4,'名無しさん','sage','2015-04-06 12:15:20','中二病でもストラトス'),('電波女と衰退しました','yoku0825',5,'名無しさん','sage','2015-04-06 12:15:20','殺人教室'),('電波女と衰退しました','yoku0825',6,'名無しさん','sage','2015-04-06 12:15:20','ささみさん奇妙な冒険'),('電波女と衰退しました','yoku0825',7,'名無しさん','sage','2015-04-06 12:15:20','とある魔術のチョコレート'),('電波女と衰退しました','yoku0825',8,'名無しさん','sage','2015-04-06 12:15:20','僕は友達が少ない'),('電波女と衰退しました','yoku0825',9,'名無しさん','sage','2015-04-06 12:15:20','ガンダムUC[ユニコーン]'),('電波女と衰退しました','yoku0825',10,'名無しさん','sage','2015-04-06 12:15:20','アイドル＠がんばらない'),('電波女と衰退しました','yoku0825',11,'名無しさん','sage','2015-04-06 12:15:20','進撃の金曜日'),('電波女と衰退しました','yoku0825',12,'名無しさん','sage','2015-04-06 12:15:20','人類は金曜日'),('電波女と衰退しました','yoku0825',13,'名無しさん','sage','2015-04-06 12:15:20','アイドル教室'),('電波女と衰退しました','yoku0825',14,'名無しさん','sage','2015-04-06 12:15:20','中二病でもマスター');
/*!40000 ALTER TABLE `2NF_bbs_main` ENABLE KEYS */;
UNLOCK TABLES;

--
-- Table structure for table `2NF_thread_metadata`
--

DROP TABLE IF EXISTS `2NF_thread_metadata`;
/*!40101 SET @saved_cs_client     = @@character_set_client */;
/*!40101 SET character_set_client = utf8 */;
CREATE TABLE `2NF_thread_metadata` (
  `thread_title` varchar(255) NOT NULL,
  `thread_owner` varchar(255) NOT NULL,
  `thread_created` datetime NOT NULL,
  PRIMARY KEY (`thread_title`,`thread_owner`)
) ENGINE=InnoDB DEFAULT CHARSET=utf8;
/*!40101 SET character_set_client = @saved_cs_client */;

--
-- Dumping data for table `2NF_thread_metadata`
--

LOCK TABLES `2NF_thread_metadata` WRITE;
/*!40000 ALTER TABLE `2NF_thread_metadata` DISABLE KEYS */;
INSERT INTO `2NF_thread_metadata` VALUES ('ささみさんUC[ユニコーン]','yoku0825','2015-04-06 12:15:20'),('ささみさんフォーマーズ','yoku0825','2015-04-06 12:15:20'),('アイドル教室','yoku0825','2015-04-06 12:15:20'),('アウトブレイクカンパニー','yoku0825','2015-04-06 12:15:20'),('ジョジョの奇妙な冒険','yoku0825','2015-04-06 12:15:20'),('テラストラトス','yoku0825','2015-04-06 12:15:20'),('殺人＠がんばらない','yoku0825','2015-04-06 12:15:20'),('謎の青春男','yoku0825','2015-04-06 12:15:20'),('電波女と衰退しました','yoku0825','2015-04-06 12:15:20');
/*!40000 ALTER TABLE `2NF_thread_metadata` ENABLE KEYS */;
UNLOCK TABLES;

--
-- Table structure for table `2NF_user_email`
--

DROP TABLE IF EXISTS `2NF_user_email`;
/*!40101 SET @saved_cs_client     = @@character_set_client */;
/*!40101 SET character_set_client = utf8 */;
CREATE TABLE `2NF_user_email` (
  `user_name` varchar(255) NOT NULL,
  `user_email` varchar(255) NOT NULL,
  PRIMARY KEY (`user_name`)
) ENGINE=InnoDB DEFAULT CHARSET=utf8;
/*!40101 SET character_set_client = @saved_cs_client */;

--
-- Dumping data for table `2NF_user_email`
--

LOCK TABLES `2NF_user_email` WRITE;
/*!40000 ALTER TABLE `2NF_user_email` DISABLE KEYS */;
INSERT INTO `2NF_user_email` VALUES ('yoku0825','sage');
/*!40000 ALTER TABLE `2NF_user_email` ENABLE KEYS */;
UNLOCK TABLES;

--
-- Table structure for table `3NF_bbs_main`
--

DROP TABLE IF EXISTS `3NF_bbs_main`;
/*!40101 SET @saved_cs_client     = @@character_set_client */;
/*!40101 SET character_set_client = utf8 */;
CREATE TABLE `3NF_bbs_main` (
  `thread_title` varchar(255) NOT NULL,
  `thread_owner` varchar(255) NOT NULL,
  `comment_number` int(10) unsigned NOT NULL,
  `comment_owner` varchar(255) NOT NULL,
  `comment_created` datetime NOT NULL,
  `comment_body` longtext NOT NULL,
  PRIMARY KEY (`thread_title`,`thread_owner`,`comment_number`)
) ENGINE=InnoDB DEFAULT CHARSET=utf8;
/*!40101 SET character_set_client = @saved_cs_client */;

--
-- Dumping data for table `3NF_bbs_main`
--

LOCK TABLES `3NF_bbs_main` WRITE;
/*!40000 ALTER TABLE `3NF_bbs_main` DISABLE KEYS */;
INSERT INTO `3NF_bbs_main` VALUES ('ささみさんUC[ユニコーン]','yoku0825',1,'名無しさん','2015-04-06 12:15:20','ささみさん衰退しました'),('ささみさんUC[ユニコーン]','yoku0825',2,'名無しさん','2015-04-06 12:15:20','謎のフォーマーズ'),('ささみさんUC[ユニコーン]','yoku0825',3,'名無しさん','2015-04-06 12:15:20','ガンダム金曜日'),('ささみさんUC[ユニコーン]','yoku0825',4,'名無しさん','2015-04-06 12:15:20','ガンダム禁書目録'),('ささみさんUC[ユニコーン]','yoku0825',5,'名無しさん','2015-04-06 12:15:20','恋と選挙と＠がんばらない'),('ささみさんUC[ユニコーン]','yoku0825',6,'名無しさん','2015-04-06 12:15:20','とある魔術の教室'),('ささみさんUC[ユニコーン]','yoku0825',7,'名無しさん','2015-04-06 12:15:20','ジョジョのアキト'),('ささみさんUC[ユニコーン]','yoku0825',8,'名無しさん','2015-04-06 12:15:20','恋と選挙とUC[ユニコーン]'),('ささみさんUC[ユニコーン]','yoku0825',9,'名無しさん','2015-04-06 12:15:20','アウトブレイクまどか☆マギカ'),('ささみさんUC[ユニコーン]','yoku0825',10,'名無しさん','2015-04-06 12:15:20','とある魔術の衰退しました'),('ささみさんUC[ユニコーン]','yoku0825',11,'名無しさん','2015-04-06 12:15:20','13日のカンパニー'),('ささみさんUC[ユニコーン]','yoku0825',12,'名無しさん','2015-04-06 12:15:20','アウトブレイクカンパニー'),('ささみさんUC[ユニコーン]','yoku0825',13,'名無しさん','2015-04-06 12:15:20','アウトブレイク彼女X'),('ささみさんUC[ユニコーン]','yoku0825',14,'名無しさん','2015-04-06 12:15:20','とある魔術のフォーマーズ'),('ささみさんフォーマーズ','yoku0825',1,'名無しさん','2015-04-06 12:15:20','ささみさんアキト'),('ささみさんフォーマーズ','yoku0825',2,'名無しさん','2015-04-06 12:15:20','コードギアス亡国の青春男'),('ささみさんフォーマーズ','yoku0825',3,'名無しさん','2015-04-06 12:15:20','謎の奇妙な冒険'),('ささみさんフォーマーズ','yoku0825',4,'名無しさん','2015-04-06 12:15:20','ささみさん恋がしたい!'),('ささみさんフォーマーズ','yoku0825',5,'名無しさん','2015-04-06 12:15:20','僕は友達が恋がしたい!'),('ささみさんフォーマーズ','yoku0825',6,'名無しさん','2015-04-06 12:15:20','魔法少女彼女X'),('ささみさんフォーマーズ','yoku0825',7,'名無しさん','2015-04-06 12:15:20','謎の恋がしたい!'),('ささみさんフォーマーズ','yoku0825',8,'名無しさん','2015-04-06 12:15:20','アウトブレイクストラトス'),('ささみさんフォーマーズ','yoku0825',9,'名無しさん','2015-04-06 12:15:20','アイドル禁書目録'),('ささみさんフォーマーズ','yoku0825',10,'名無しさん','2015-04-06 12:15:20','進撃のUC[ユニコーン]'),('ささみさんフォーマーズ','yoku0825',11,'名無しさん','2015-04-06 12:15:20','ささみさんカンパニー'),('ささみさんフォーマーズ','yoku0825',12,'名無しさん','2015-04-06 12:15:20','13日の＠がんばらない'),('ささみさんフォーマーズ','yoku0825',13,'名無しさん','2015-04-06 12:15:20','恋と選挙とまどか☆マギカ'),('アイドル教室','yoku0825',1,'名無しさん','2015-04-06 12:15:20','電波女とストラトス'),('アイドル教室','yoku0825',2,'名無しさん','2015-04-06 12:15:20','進撃の恋がしたい!'),('アイドル教室','yoku0825',3,'名無しさん','2015-04-06 12:15:20','とある魔術の衰退しました'),('アウトブレイクカンパニー','yoku0825',1,'名無しさん','2015-04-06 12:15:20','殺人＠がんばらない'),('アウトブレイクカンパニー','yoku0825',2,'名無しさん','2015-04-06 12:15:20','アウトブレイクまどか☆マギカ'),('アウトブレイクカンパニー','yoku0825',3,'名無しさん','2015-04-06 12:15:20','電波女と巨人'),('ジョジョの奇妙な冒険','yoku0825',1,'名無しさん','2015-04-06 12:15:20','魔法少女奇妙な冒険'),('ジョジョの奇妙な冒険','yoku0825',2,'名無しさん','2015-04-06 12:15:20','進撃の衰退しました'),('ジョジョの奇妙な冒険','yoku0825',3,'名無しさん','2015-04-06 12:15:20','僕は友達がストラトス'),('ジョジョの奇妙な冒険','yoku0825',4,'名無しさん','2015-04-06 12:15:20','電波女とUC[ユニコーン]'),('ジョジョの奇妙な冒険','yoku0825',5,'名無しさん','2015-04-06 12:15:20','インフィニットカンパニー'),('ジョジョの奇妙な冒険','yoku0825',6,'名無しさん','2015-04-06 12:15:20','進撃のマスター'),('ジョジョの奇妙な冒険','yoku0825',7,'名無しさん','2015-04-06 12:15:20','ささみさんまどか☆マギカ'),('ジョジョの奇妙な冒険','yoku0825',8,'名無しさん','2015-04-06 12:15:20','アイドルチョコレート'),('ジョジョの奇妙な冒険','yoku0825',9,'名無しさん','2015-04-06 12:15:20','とある魔術の青春男'),('ジョジョの奇妙な冒険','yoku0825',10,'名無しさん','2015-04-06 12:15:20','とある魔術の衰退しました'),('ジョジョの奇妙な冒険','yoku0825',11,'名無しさん','2015-04-06 12:15:20','僕は友達がまどか☆マギカ'),('テラストラトス','yoku0825',1,'名無しさん','2015-04-06 12:15:20','魔法少女巨人'),('テラストラトス','yoku0825',2,'名無しさん','2015-04-06 12:15:20','コードギアス亡国の巨人'),('テラストラトス','yoku0825',3,'名無しさん','2015-04-06 12:15:20','恋と選挙とまどか☆マギカ'),('テラストラトス','yoku0825',4,'名無しさん','2015-04-06 12:15:20','殺人青春男'),('テラストラトス','yoku0825',5,'名無しさん','2015-04-06 12:15:20','テラストラトス'),('テラストラトス','yoku0825',6,'名無しさん','2015-04-06 12:15:20','謎の衰退しました'),('テラストラトス','yoku0825',7,'名無しさん','2015-04-06 12:15:20','コードギアス亡国のカンパニー'),('テラストラトス','yoku0825',8,'名無しさん','2015-04-06 12:15:20','中二病でもストラトス'),('テラストラトス','yoku0825',9,'名無しさん','2015-04-06 12:15:20','13日の奇妙な冒険'),('テラストラトス','yoku0825',10,'名無しさん','2015-04-06 12:15:20','ささみさん巨人'),('テラストラトス','yoku0825',11,'名無しさん','2015-04-06 12:15:20','ささみさんフォーマーズ'),('テラストラトス','yoku0825',12,'名無しさん','2015-04-06 12:15:20','殺人フォーマーズ'),('テラストラトス','yoku0825',13,'名無しさん','2015-04-06 12:15:20','アイドル少ない'),('テラストラトス','yoku0825',14,'名無しさん','2015-04-06 12:15:20','殺人フォーマーズ'),('殺人＠がんばらない','yoku0825',1,'名無しさん','2015-04-06 12:15:20','ジョジョの禁書目録'),('殺人＠がんばらない','yoku0825',2,'名無しさん','2015-04-06 12:15:20','中二病でもストラトス'),('殺人＠がんばらない','yoku0825',3,'名無しさん','2015-04-06 12:15:20','進撃のUC[ユニコーン]'),('殺人＠がんばらない','yoku0825',4,'名無しさん','2015-04-06 12:15:20','ジョジョのUC[ユニコーン]'),('殺人＠がんばらない','yoku0825',5,'名無しさん','2015-04-06 12:15:20','テラチョコレート'),('殺人＠がんばらない','yoku0825',6,'名無しさん','2015-04-06 12:15:20','中二病でも青春男'),('殺人＠がんばらない','yoku0825',7,'名無しさん','2015-04-06 12:15:20','人類は青春男'),('殺人＠がんばらない','yoku0825',8,'名無しさん','2015-04-06 12:15:20','コードギアス亡国の衰退しました'),('殺人＠がんばらない','yoku0825',9,'名無しさん','2015-04-06 12:15:20','13日の＠がんばらない'),('殺人＠がんばらない','yoku0825',10,'名無しさん','2015-04-06 12:15:20','恋と選挙と少ない'),('殺人＠がんばらない','yoku0825',11,'名無しさん','2015-04-06 12:15:20','ガンダム奇妙な冒険'),('殺人＠がんばらない','yoku0825',12,'名無しさん','2015-04-06 12:15:20','テラ彼女X'),('殺人＠がんばらない','yoku0825',13,'名無しさん','2015-04-06 12:15:20','電波女とマスター'),('殺人＠がんばらない','yoku0825',14,'名無しさん','2015-04-06 12:15:20','僕は友達がアキト'),('殺人＠がんばらない','yoku0825',15,'名無しさん','2015-04-06 12:15:20','殺人衰退しました'),('殺人＠がんばらない','yoku0825',16,'名無しさん','2015-04-06 12:15:20','ガンダムフォーマーズ'),('殺人＠がんばらない','yoku0825',17,'名無しさん','2015-04-06 12:15:20','人類は青春男'),('殺人＠がんばらない','yoku0825',18,'名無しさん','2015-04-06 12:15:20','テラまどか☆マギカ'),('殺人＠がんばらない','yoku0825',19,'名無しさん','2015-04-06 12:15:20','ジョジョの奇妙な冒険'),('殺人＠がんばらない','yoku0825',20,'名無しさん','2015-04-06 12:15:20','コードギアス亡国の恋がしたい!'),('殺人＠がんばらない','yoku0825',21,'名無しさん','2015-04-06 12:15:20','インフィニットストラトス'),('謎の青春男','yoku0825',1,'名無しさん','2015-04-06 12:15:20','進撃の巨人'),('謎の青春男','yoku0825',2,'名無しさん','2015-04-06 12:15:20','進撃の少ない'),('謎の青春男','yoku0825',3,'名無しさん','2015-04-06 12:15:20','僕は友達が衰退しました'),('謎の青春男','yoku0825',4,'名無しさん','2015-04-06 12:15:20','電波女と恋がしたい!'),('謎の青春男','yoku0825',5,'名無しさん','2015-04-06 12:15:20','ガンダムチョコレート'),('謎の青春男','yoku0825',6,'名無しさん','2015-04-06 12:15:20','13日の少ない'),('謎の青春男','yoku0825',7,'名無しさん','2015-04-06 12:15:20','とある魔術のカンパニー'),('謎の青春男','yoku0825',8,'名無しさん','2015-04-06 12:15:20','ささみさんストラトス'),('謎の青春男','yoku0825',9,'名無しさん','2015-04-06 12:15:20','殺人青春男'),('謎の青春男','yoku0825',10,'名無しさん','2015-04-06 12:15:20','とある魔術のチョコレート'),('謎の青春男','yoku0825',11,'名無しさん','2015-04-06 12:15:20','人類は奇妙な冒険'),('謎の青春男','yoku0825',12,'名無しさん','2015-04-06 12:15:20','ささみさんカンパニー'),('謎の青春男','yoku0825',13,'名無しさん','2015-04-06 12:15:20','殺人衰退しました'),('謎の青春男','yoku0825',14,'名無しさん','2015-04-06 12:15:20','魔法少女彼女X'),('謎の青春男','yoku0825',15,'名無しさん','2015-04-06 12:15:20','ささみさんカンパニー'),('謎の青春男','yoku0825',16,'名無しさん','2015-04-06 12:15:20','とある魔術のアキト'),('電波女と衰退しました','yoku0825',1,'名無しさん','2015-04-06 12:15:20','恋と選挙と恋がしたい!'),('電波女と衰退しました','yoku0825',2,'名無しさん','2015-04-06 12:15:20','進撃の彼女X'),('電波女と衰退しました','yoku0825',3,'名無しさん','2015-04-06 12:15:20','アイドル禁書目録'),('電波女と衰退しました','yoku0825',4,'名無しさん','2015-04-06 12:15:20','中二病でもストラトス'),('電波女と衰退しました','yoku0825',5,'名無しさん','2015-04-06 12:15:20','殺人教室'),('電波女と衰退しました','yoku0825',6,'名無しさん','2015-04-06 12:15:20','ささみさん奇妙な冒険'),('電波女と衰退しました','yoku0825',7,'名無しさん','2015-04-06 12:15:20','とある魔術のチョコレート'),('電波女と衰退しました','yoku0825',8,'名無しさん','2015-04-06 12:15:20','僕は友達が少ない'),('電波女と衰退しました','yoku0825',9,'名無しさん','2015-04-06 12:15:20','ガンダムUC[ユニコーン]'),('電波女と衰退しました','yoku0825',10,'名無しさん','2015-04-06 12:15:20','アイドル＠がんばらない'),('電波女と衰退しました','yoku0825',11,'名無しさん','2015-04-06 12:15:20','進撃の金曜日'),('電波女と衰退しました','yoku0825',12,'名無しさん','2015-04-06 12:15:20','人類は金曜日'),('電波女と衰退しました','yoku0825',13,'名無しさん','2015-04-06 12:15:20','アイドル教室'),('電波女と衰退しました','yoku0825',14,'名無しさん','2015-04-06 12:15:20','中二病でもマスター');
/*!40000 ALTER TABLE `3NF_bbs_main` ENABLE KEYS */;
UNLOCK TABLES;

--
-- Table structure for table `3NF_thread_metadata`
--

DROP TABLE IF EXISTS `3NF_thread_metadata`;
/*!40101 SET @saved_cs_client     = @@character_set_client */;
/*!40101 SET character_set_client = utf8 */;
CREATE TABLE `3NF_thread_metadata` (
  `thread_title` varchar(255) NOT NULL,
  `thread_owner` varchar(255) NOT NULL,
  `thread_created` datetime NOT NULL,
  PRIMARY KEY (`thread_title`,`thread_owner`)
) ENGINE=InnoDB DEFAULT CHARSET=utf8;
/*!40101 SET character_set_client = @saved_cs_client */;

--
-- Dumping data for table `3NF_thread_metadata`
--

LOCK TABLES `3NF_thread_metadata` WRITE;
/*!40000 ALTER TABLE `3NF_thread_metadata` DISABLE KEYS */;
INSERT INTO `3NF_thread_metadata` VALUES ('ささみさんUC[ユニコーン]','yoku0825','2015-04-06 12:15:20'),('ささみさんフォーマーズ','yoku0825','2015-04-06 12:15:20'),('アイドル教室','yoku0825','2015-04-06 12:15:20'),('アウトブレイクカンパニー','yoku0825','2015-04-06 12:15:20'),('ジョジョの奇妙な冒険','yoku0825','2015-04-06 12:15:20'),('テラストラトス','yoku0825','2015-04-06 12:15:20'),('殺人＠がんばらない','yoku0825','2015-04-06 12:15:20'),('謎の青春男','yoku0825','2015-04-06 12:15:20'),('電波女と衰退しました','yoku0825','2015-04-06 12:15:20');
/*!40000 ALTER TABLE `3NF_thread_metadata` ENABLE KEYS */;
UNLOCK TABLES;

--
-- Table structure for table `3NF_user_email`
--

DROP TABLE IF EXISTS `3NF_user_email`;
/*!40101 SET @saved_cs_client     = @@character_set_client */;
/*!40101 SET character_set_client = utf8 */;
CREATE TABLE `3NF_user_email` (
  `user_name` varchar(255) NOT NULL,
  `user_email` varchar(255) NOT NULL,
  PRIMARY KEY (`user_name`)
) ENGINE=InnoDB DEFAULT CHARSET=utf8;
/*!40101 SET character_set_client = @saved_cs_client */;

--
-- Dumping data for table `3NF_user_email`
--

LOCK TABLES `3NF_user_email` WRITE;
/*!40000 ALTER TABLE `3NF_user_email` DISABLE KEYS */;
INSERT INTO `3NF_user_email` VALUES ('yoku0825','sage'),('名無しさん','sage');
/*!40000 ALTER TABLE `3NF_user_email` ENABLE KEYS */;
UNLOCK TABLES;
SET @@SESSION.SQL_LOG_BIN = @MYSQLDUMP_TEMP_LOG_BIN;
/*!40103 SET TIME_ZONE=@OLD_TIME_ZONE */;

/*!40101 SET SQL_MODE=@OLD_SQL_MODE */;
/*!40014 SET FOREIGN_KEY_CHECKS=@OLD_FOREIGN_KEY_CHECKS */;
/*!40014 SET UNIQUE_CHECKS=@OLD_UNIQUE_CHECKS */;
/*!40101 SET CHARACTER_SET_CLIENT=@OLD_CHARACTER_SET_CLIENT */;
/*!40101 SET CHARACTER_SET_RESULTS=@OLD_CHARACTER_SET_RESULTS */;
/*!40101 SET COLLATION_CONNECTION=@OLD_COLLATION_CONNECTION */;
/*!40111 SET SQL_NOTES=@OLD_SQL_NOTES */;

-- Dump completed on 2015-04-06 12:16:24
