-- MySQL dump 10.13  Distrib 5.7.6-m16, for Linux (x86_64)
--
-- Host: localhost    Database: mydb
-- ------------------------------------------------------
-- Server version	5.7.6-m16-log

/*!40101 SET @OLD_CHARACTER_SET_CLIENT=@@CHARACTER_SET_CLIENT */;
/*!40101 SET @OLD_CHARACTER_SET_RESULTS=@@CHARACTER_SET_RESULTS */;
/*!40101 SET @OLD_COLLATION_CONNECTION=@@COLLATION_CONNECTION */;
/*!40101 SET NAMES utf8 */;
/*!40103 SET @OLD_TIME_ZONE=@@TIME_ZONE */;
/*!40103 SET TIME_ZONE='+00:00' */;
/*!40014 SET @OLD_UNIQUE_CHECKS=@@UNIQUE_CHECKS, UNIQUE_CHECKS=0 */;
/*!40014 SET @OLD_FOREIGN_KEY_CHECKS=@@FOREIGN_KEY_CHECKS, FOREIGN_KEY_CHECKS=0 */;
/*!40101 SET @OLD_SQL_MODE=@@SQL_MODE, SQL_MODE='NO_AUTO_VALUE_ON_ZERO' */;
/*!40111 SET @OLD_SQL_NOTES=@@SQL_NOTES, SQL_NOTES=0 */;
SET @MYSQLDUMP_TEMP_LOG_BIN = @@SESSION.SQL_LOG_BIN;
SET @@SESSION.SQL_LOG_BIN= 0;

--
-- GTID state at the beginning of the backup 
--

SET @@GLOBAL.GTID_PURGED='ecb991db-cb86-11e4-b75b-001a4aa000e2:1-2218802';

--
-- Table structure for table `0NF_bbs`
--

DROP TABLE IF EXISTS `0NF_bbs`;
/*!40101 SET @saved_cs_client     = @@character_set_client */;
/*!40101 SET character_set_client = utf8 */;
CREATE TABLE `0NF_bbs` (
  `thread_title` varchar(255) NOT NULL,
  `thread_owner` varchar(255) NOT NULL,
  `thread_owner_email` varchar(255) NOT NULL,
  `thread_created` datetime NOT NULL,
  `comments` longtext NOT NULL,
  PRIMARY KEY (`thread_title`,`thread_owner`)
) ENGINE=InnoDB DEFAULT CHARSET=utf8;
/*!40101 SET character_set_client = @saved_cs_client */;

--
-- Dumping data for table `0NF_bbs`
--

LOCK TABLES `0NF_bbs` WRITE;
/*!40000 ALTER TABLE `0NF_bbs` DISABLE KEYS */;
INSERT INTO `0NF_bbs` VALUES ('アイドル恋がしたい!','yoku0825','sage','2015-08-05 14:00:25','1: 名無しさん < sage > 2015-08-05 14:00:26\nアウトブレイク奇妙な冒険\n\n2: 名無しさん < sage > 2015-08-05 14:00:27\n電波女とUC[ユニコーン]\n\n3: 名無しさん < sage > 2015-08-05 14:00:28\n電波女とストラトス\n\n4: 名無しさん < sage > 2015-08-05 14:00:29\n魔法少女＠がんばらない\n\n5: 名無しさん < sage > 2015-08-05 14:00:30\n人類はマスター\n\n6: 名無しさん < sage > 2015-08-05 14:00:31\n殺人奇妙な冒険\n\n7: 名無しさん < sage > 2015-08-05 14:00:32\n僕は友達がフォーマーズ\n\n8: 名無しさん < sage > 2015-08-05 14:00:33\nガンダム青春男\n\n9: 名無しさん < sage > 2015-08-05 14:00:34\n13日のアキト\n\n10: 名無しさん < sage > 2015-08-05 14:00:35\nテラ巨人\n\n11: 名無しさん < sage > 2015-08-05 14:00:36\nガンダム奇妙な冒険\n\n12: 名無しさん < sage > 2015-08-05 14:00:37\nアウトブレイク金曜日'),('アイドル教室','yoku0825','sage','2015-06-10 13:49:45','1: 名無しさん < sage > 2015-06-10 13:49:46\nテラチョコレート\n\n2: 名無しさん < sage > 2015-06-10 13:49:47\n電波女とマスター\n\n3: 名無しさん < sage > 2015-06-10 13:49:48\nささみさん奇妙な冒険\n\n4: 名無しさん < sage > 2015-06-10 13:49:49\nアウトブレイクチョコレート\n\n5: 名無しさん < sage > 2015-06-10 13:49:50\nコードギアス亡国の恋がしたい!\n\n6: 名無しさん < sage > 2015-06-10 13:49:51\n人類は彼女X\n\n7: 名無しさん < sage > 2015-06-10 13:49:52\nジョジョの青春男\n\n8: 名無しさん < sage > 2015-06-10 13:49:53\nアウトブレイクストラトス'),('アウトブレイク教室','yoku0825','sage','2016-02-02 16:14:22','1: 名無しさん < sage > 2016-02-02 16:14:23\n人類は彼女X\n\n2: 名無しさん < sage > 2016-02-02 16:14:24\nアイドル巨人\n\n3: 名無しさん < sage > 2016-02-02 16:14:25\n恋と選挙と金曜日\n\n4: 名無しさん < sage > 2016-02-02 16:14:26\nアイドルチョコレート\n\n5: 名無しさん < sage > 2016-02-02 16:14:27\n恋と選挙と衰退しました'),('アウトブレイク衰退しました','yoku0825','sage','2015-07-24 19:22:04','1: 名無しさん < sage > 2015-07-24 19:22:05\nささみさん奇妙な冒険\n\n2: 名無しさん < sage > 2015-07-24 19:22:06\nささみさん＠がんばらない\n\n3: 名無しさん < sage > 2015-07-24 19:22:07\nインフィニットチョコレート\n\n4: 名無しさん < sage > 2015-07-24 19:22:08\n人類はチョコレート\n\n5: 名無しさん < sage > 2015-07-24 19:22:09\n僕は友達がマスター\n\n6: 名無しさん < sage > 2015-07-24 19:22:10\n謎の禁書目録\n\n7: 名無しさん < sage > 2015-07-24 19:22:11\n電波女と奇妙な冒険\n\n8: 名無しさん < sage > 2015-07-24 19:22:12\n殺人マスター'),('ガンダムアキト','yoku0825','sage','2015-07-06 11:04:54','1: 名無しさん < sage > 2015-07-06 11:04:55\n僕は友達が恋がしたい!\n\n2: 名無しさん < sage > 2015-07-06 11:04:56\nコードギアス亡国のフォーマーズ\n\n3: 名無しさん < sage > 2015-07-06 11:04:57\nアウトブレイクアキト\n\n4: 名無しさん < sage > 2015-07-06 11:04:58\nジョジョの巨人\n\n5: 名無しさん < sage > 2015-07-06 11:04:59\n中二病でも衰退しました\n\n6: 名無しさん < sage > 2015-07-06 11:05:00\n中二病でもまどか☆マギカ\n\n7: 名無しさん < sage > 2015-07-06 11:05:01\n殺人ストラトス\n\n8: 名無しさん < sage > 2015-07-06 11:05:02\nアイドルチョコレート\n\n9: 名無しさん < sage > 2015-07-06 11:05:03\n僕は友達が金曜日\n\n10: 名無しさん < sage > 2015-07-06 11:05:04\n電波女と青春男\n\n11: 名無しさん < sage > 2015-07-06 11:05:05\n人類はストラトス\n\n12: 名無しさん < sage > 2015-07-06 11:05:06\n魔法少女金曜日\n\n13: 名無しさん < sage > 2015-07-06 11:05:07\nコードギアス亡国の巨人\n\n14: 名無しさん < sage > 2015-07-06 11:05:08\nジョジョの禁書目録\n\n15: 名無しさん < sage > 2015-07-06 11:05:09\nとある魔術の衰退しました\n\n16: 名無しさん < sage > 2015-07-06 11:05:10\n中二病でもアキト\n\n17: 名無しさん < sage > 2015-07-06 11:05:11\n謎の禁書目録\n\n18: 名無しさん < sage > 2015-07-06 11:05:12\n電波女と少ない\n\n19: 名無しさん < sage > 2015-07-06 11:05:13\n進撃の金曜日\n\n20: 名無しさん < sage > 2015-07-06 11:05:14\n進撃の青春男\n\n21: 名無しさん < sage > 2015-07-06 11:05:15\nアウトブレイク巨人\n\n22: 名無しさん < sage > 2015-07-06 11:05:16\nガンダムマスター'),('ガンダムマスター','yoku0825','sage','2015-09-27 12:45:21','1: 名無しさん < sage > 2015-09-27 12:45:22\n魔法少女巨人\n\n2: 名無しさん < sage > 2015-09-27 12:45:23\n電波女とフォーマーズ\n\n3: 名無しさん < sage > 2015-09-27 12:45:24\n僕は友達がアキト\n\n4: 名無しさん < sage > 2015-09-27 12:45:25\nテラ禁書目録\n\n5: 名無しさん < sage > 2015-09-27 12:45:26\n謎のチョコレート\n\n6: 名無しさん < sage > 2015-09-27 12:45:27\nジョジョの巨人\n\n7: 名無しさん < sage > 2015-09-27 12:45:28\nアウトブレイク巨人\n\n8: 名無しさん < sage > 2015-09-27 12:45:29\nささみさん彼女X\n\n9: 名無しさん < sage > 2015-09-27 12:45:30\n人類は衰退しました\n\n10: 名無しさん < sage > 2015-09-27 12:45:31\n人類は巨人\n\n11: 名無しさん < sage > 2015-09-27 12:45:32\nテラカンパニー\n\n12: 名無しさん < sage > 2015-09-27 12:45:33\nインフィニットマスター\n\n13: 名無しさん < sage > 2015-09-27 12:45:34\n人類はカンパニー\n\n14: 名無しさん < sage > 2015-09-27 12:45:35\nガンダム恋がしたい!\n\n15: 名無しさん < sage > 2015-09-27 12:45:36\nコードギアス亡国のストラトス\n\n16: 名無しさん < sage > 2015-09-27 12:45:37\nガンダムカンパニー\n\n17: 名無しさん < sage > 2015-09-27 12:45:38\n僕は友達がUC[ユニコーン]\n\n18: 名無しさん < sage > 2015-09-27 12:45:39\n人類は巨人\n\n19: 名無しさん < sage > 2015-09-27 12:45:40\n13日のフォーマーズ\n\n20: 名無しさん < sage > 2015-09-27 12:45:41\n人類は奇妙な冒険'),('テラまどか☆マギカ','yoku0825','sage','2015-05-07 03:14:12','1: 名無しさん < sage > 2015-05-07 03:14:13\nインフィニット青春男\n\n2: 名無しさん < sage > 2015-05-07 03:14:14\n電波女とまどか☆マギカ\n\n3: 名無しさん < sage > 2015-05-07 03:14:15\nささみさんUC[ユニコーン]\n\n4: 名無しさん < sage > 2015-05-07 03:14:16\n謎の衰退しました\n\n5: 名無しさん < sage > 2015-05-07 03:14:17\nささみさん教室\n\n6: 名無しさん < sage > 2015-05-07 03:14:18\nガンダムフォーマーズ\n\n7: 名無しさん < sage > 2015-05-07 03:14:19\nインフィニット禁書目録\n\n8: 名無しさん < sage > 2015-05-07 03:14:20\nアイドルストラトス\n\n9: 名無しさん < sage > 2015-05-07 03:14:21\n進撃のストラトス\n\n10: 名無しさん < sage > 2015-05-07 03:14:22\n魔法少女チョコレート\n\n11: 名無しさん < sage > 2015-05-07 03:14:23\n殺人彼女X'),('恋と選挙と奇妙な冒険','yoku0825','sage','2015-06-15 07:56:18','1: 名無しさん < sage > 2015-06-15 07:56:19\n電波女とチョコレート\n\n2: 名無しさん < sage > 2015-06-15 07:56:20\n謎の教室\n\n3: 名無しさん < sage > 2015-06-15 07:56:21\nささみさんマスター\n\n4: 名無しさん < sage > 2015-06-15 07:56:22\nアイドルまどか☆マギカ\n\n5: 名無しさん < sage > 2015-06-15 07:56:23\nインフィニットストラトス\n\n6: 名無しさん < sage > 2015-06-15 07:56:24\nテラ＠がんばらない\n\n7: 名無しさん < sage > 2015-06-15 07:56:25\nガンダム禁書目録\n\n8: 名無しさん < sage > 2015-06-15 07:56:26\n殺人カンパニー'),('殺人マスター','yoku0825','sage','2015-05-22 09:05:27','1: 名無しさん < sage > 2015-05-22 09:05:28\n進撃の彼女X\n\n2: 名無しさん < sage > 2015-05-22 09:05:29\n中二病でも彼女X\n\n3: 名無しさん < sage > 2015-05-22 09:05:30\n僕は友達がUC[ユニコーン]\n\n4: 名無しさん < sage > 2015-05-22 09:05:31\n中二病でもストラトス\n\n5: 名無しさん < sage > 2015-05-22 09:05:32\nテラチョコレート');
/*!40000 ALTER TABLE `0NF_bbs` ENABLE KEYS */;
UNLOCK TABLES;

--
-- Table structure for table `1NF_bbs`
--

DROP TABLE IF EXISTS `1NF_bbs`;
/*!40101 SET @saved_cs_client     = @@character_set_client */;
/*!40101 SET character_set_client = utf8 */;
CREATE TABLE `1NF_bbs` (
  `thread_title` varchar(255) NOT NULL,
  `thread_owner` varchar(255) NOT NULL,
  `thread_owner_email` varchar(255) NOT NULL,
  `thread_created` datetime NOT NULL,
  `comment_number` int(10) unsigned NOT NULL,
  `comment_owner` varchar(255) NOT NULL,
  `comment_owner_email` varchar(255) NOT NULL,
  `comment_created` datetime NOT NULL,
  `comment_body` longtext NOT NULL,
  PRIMARY KEY (`thread_title`,`thread_owner`,`comment_number`)
) ENGINE=InnoDB DEFAULT CHARSET=utf8;
/*!40101 SET character_set_client = @saved_cs_client */;

--
-- Dumping data for table `1NF_bbs`
--

LOCK TABLES `1NF_bbs` WRITE;
/*!40000 ALTER TABLE `1NF_bbs` DISABLE KEYS */;
INSERT INTO `1NF_bbs` VALUES ('アイドル恋がしたい!','yoku0825','sage','2015-08-05 14:00:25',1,'名無しさん',' sage ','2015-08-05 14:00:26','アウトブレイク奇妙な冒険'),('アイドル恋がしたい!','yoku0825','sage','2015-08-05 14:00:25',2,'名無しさん',' sage ','2015-08-05 14:00:27','電波女とUC[ユニコーン]'),('アイドル恋がしたい!','yoku0825','sage','2015-08-05 14:00:25',3,'名無しさん',' sage ','2015-08-05 14:00:28','電波女とストラトス'),('アイドル恋がしたい!','yoku0825','sage','2015-08-05 14:00:25',4,'名無しさん',' sage ','2015-08-05 14:00:29','魔法少女＠がんばらない'),('アイドル恋がしたい!','yoku0825','sage','2015-08-05 14:00:25',5,'名無しさん',' sage ','2015-08-05 14:00:30','人類はマスター'),('アイドル恋がしたい!','yoku0825','sage','2015-08-05 14:00:25',6,'名無しさん',' sage ','2015-08-05 14:00:31','殺人奇妙な冒険'),('アイドル恋がしたい!','yoku0825','sage','2015-08-05 14:00:25',7,'名無しさん',' sage ','2015-08-05 14:00:32','僕は友達がフォーマーズ'),('アイドル恋がしたい!','yoku0825','sage','2015-08-05 14:00:25',8,'名無しさん',' sage ','2015-08-05 14:00:33','ガンダム青春男'),('アイドル恋がしたい!','yoku0825','sage','2015-08-05 14:00:25',9,'名無しさん',' sage ','2015-08-05 14:00:34','13日のアキト'),('アイドル恋がしたい!','yoku0825','sage','2015-08-05 14:00:25',10,'名無しさん',' sage ','2015-08-05 14:00:35','テラ巨人'),('アイドル恋がしたい!','yoku0825','sage','2015-08-05 14:00:25',11,'名無しさん',' sage ','2015-08-05 14:00:36','ガンダム奇妙な冒険'),('アイドル恋がしたい!','yoku0825','sage','2015-08-05 14:00:25',12,'名無しさん',' sage ','2015-08-05 14:00:37','アウトブレイク金曜日'),('アイドル教室','yoku0825','sage','2015-06-10 13:49:45',1,'名無しさん',' sage ','2015-06-10 13:49:46','テラチョコレート'),('アイドル教室','yoku0825','sage','2015-06-10 13:49:45',2,'名無しさん',' sage ','2015-06-10 13:49:47','電波女とマスター'),('アイドル教室','yoku0825','sage','2015-06-10 13:49:45',3,'名無しさん',' sage ','2015-06-10 13:49:48','ささみさん奇妙な冒険'),('アイドル教室','yoku0825','sage','2015-06-10 13:49:45',4,'名無しさん',' sage ','2015-06-10 13:49:49','アウトブレイクチョコレート'),('アイドル教室','yoku0825','sage','2015-06-10 13:49:45',5,'名無しさん',' sage ','2015-06-10 13:49:50','コードギアス亡国の恋がしたい!'),('アイドル教室','yoku0825','sage','2015-06-10 13:49:45',6,'名無しさん',' sage ','2015-06-10 13:49:51','人類は彼女X'),('アイドル教室','yoku0825','sage','2015-06-10 13:49:45',7,'名無しさん',' sage ','2015-06-10 13:49:52','ジョジョの青春男'),('アイドル教室','yoku0825','sage','2015-06-10 13:49:45',8,'名無しさん',' sage ','2015-06-10 13:49:53','アウトブレイクストラトス'),('アウトブレイク教室','yoku0825','sage','2016-02-02 16:14:22',1,'名無しさん',' sage ','2016-02-02 16:14:23','人類は彼女X'),('アウトブレイク教室','yoku0825','sage','2016-02-02 16:14:22',2,'名無しさん',' sage ','2016-02-02 16:14:24','アイドル巨人'),('アウトブレイク教室','yoku0825','sage','2016-02-02 16:14:22',3,'名無しさん',' sage ','2016-02-02 16:14:25','恋と選挙と金曜日'),('アウトブレイク教室','yoku0825','sage','2016-02-02 16:14:22',4,'名無しさん',' sage ','2016-02-02 16:14:26','アイドルチョコレート'),('アウトブレイク教室','yoku0825','sage','2016-02-02 16:14:22',5,'名無しさん',' sage ','2016-02-02 16:14:27','恋と選挙と衰退しました'),('アウトブレイク衰退しました','yoku0825','sage','2015-07-24 19:22:04',1,'名無しさん',' sage ','2015-07-24 19:22:05','ささみさん奇妙な冒険'),('アウトブレイク衰退しました','yoku0825','sage','2015-07-24 19:22:04',2,'名無しさん',' sage ','2015-07-24 19:22:06','ささみさん＠がんばらない'),('アウトブレイク衰退しました','yoku0825','sage','2015-07-24 19:22:04',3,'名無しさん',' sage ','2015-07-24 19:22:07','インフィニットチョコレート'),('アウトブレイク衰退しました','yoku0825','sage','2015-07-24 19:22:04',4,'名無しさん',' sage ','2015-07-24 19:22:08','人類はチョコレート'),('アウトブレイク衰退しました','yoku0825','sage','2015-07-24 19:22:04',5,'名無しさん',' sage ','2015-07-24 19:22:09','僕は友達がマスター'),('アウトブレイク衰退しました','yoku0825','sage','2015-07-24 19:22:04',6,'名無しさん',' sage ','2015-07-24 19:22:10','謎の禁書目録'),('アウトブレイク衰退しました','yoku0825','sage','2015-07-24 19:22:04',7,'名無しさん',' sage ','2015-07-24 19:22:11','電波女と奇妙な冒険'),('アウトブレイク衰退しました','yoku0825','sage','2015-07-24 19:22:04',8,'名無しさん',' sage ','2015-07-24 19:22:12','殺人マスター'),('ガンダムアキト','yoku0825','sage','2015-07-06 11:04:54',1,'名無しさん',' sage ','2015-07-06 11:04:55','僕は友達が恋がしたい!'),('ガンダムアキト','yoku0825','sage','2015-07-06 11:04:54',2,'名無しさん',' sage ','2015-07-06 11:04:56','コードギアス亡国のフォーマーズ'),('ガンダムアキト','yoku0825','sage','2015-07-06 11:04:54',3,'名無しさん',' sage ','2015-07-06 11:04:57','アウトブレイクアキト'),('ガンダムアキト','yoku0825','sage','2015-07-06 11:04:54',4,'名無しさん',' sage ','2015-07-06 11:04:58','ジョジョの巨人'),('ガンダムアキト','yoku0825','sage','2015-07-06 11:04:54',5,'名無しさん',' sage ','2015-07-06 11:04:59','中二病でも衰退しました'),('ガンダムアキト','yoku0825','sage','2015-07-06 11:04:54',6,'名無しさん',' sage ','2015-07-06 11:05:00','中二病でもまどか☆マギカ'),('ガンダムアキト','yoku0825','sage','2015-07-06 11:04:54',7,'名無しさん',' sage ','2015-07-06 11:05:01','殺人ストラトス'),('ガンダムアキト','yoku0825','sage','2015-07-06 11:04:54',8,'名無しさん',' sage ','2015-07-06 11:05:02','アイドルチョコレート'),('ガンダムアキト','yoku0825','sage','2015-07-06 11:04:54',9,'名無しさん',' sage ','2015-07-06 11:05:03','僕は友達が金曜日'),('ガンダムアキト','yoku0825','sage','2015-07-06 11:04:54',10,'名無しさん',' sage ','2015-07-06 11:05:04','電波女と青春男'),('ガンダムアキト','yoku0825','sage','2015-07-06 11:04:54',11,'名無しさん',' sage ','2015-07-06 11:05:05','人類はストラトス'),('ガンダムアキト','yoku0825','sage','2015-07-06 11:04:54',12,'名無しさん',' sage ','2015-07-06 11:05:06','魔法少女金曜日'),('ガンダムアキト','yoku0825','sage','2015-07-06 11:04:54',13,'名無しさん',' sage ','2015-07-06 11:05:07','コードギアス亡国の巨人'),('ガンダムアキト','yoku0825','sage','2015-07-06 11:04:54',14,'名無しさん',' sage ','2015-07-06 11:05:08','ジョジョの禁書目録'),('ガンダムアキト','yoku0825','sage','2015-07-06 11:04:54',15,'名無しさん',' sage ','2015-07-06 11:05:09','とある魔術の衰退しました'),('ガンダムアキト','yoku0825','sage','2015-07-06 11:04:54',16,'名無しさん',' sage ','2015-07-06 11:05:10','中二病でもアキト'),('ガンダムアキト','yoku0825','sage','2015-07-06 11:04:54',17,'名無しさん',' sage ','2015-07-06 11:05:11','謎の禁書目録'),('ガンダムアキト','yoku0825','sage','2015-07-06 11:04:54',18,'名無しさん',' sage ','2015-07-06 11:05:12','電波女と少ない'),('ガンダムアキト','yoku0825','sage','2015-07-06 11:04:54',19,'名無しさん',' sage ','2015-07-06 11:05:13','進撃の金曜日'),('ガンダムアキト','yoku0825','sage','2015-07-06 11:04:54',20,'名無しさん',' sage ','2015-07-06 11:05:14','進撃の青春男'),('ガンダムアキト','yoku0825','sage','2015-07-06 11:04:54',21,'名無しさん',' sage ','2015-07-06 11:05:15','アウトブレイク巨人'),('ガンダムアキト','yoku0825','sage','2015-07-06 11:04:54',22,'名無しさん',' sage ','2015-07-06 11:05:16','ガンダムマスター'),('ガンダムマスター','yoku0825','sage','2015-09-27 12:45:21',1,'名無しさん',' sage ','2015-09-27 12:45:22','魔法少女巨人'),('ガンダムマスター','yoku0825','sage','2015-09-27 12:45:21',2,'名無しさん',' sage ','2015-09-27 12:45:23','電波女とフォーマーズ'),('ガンダムマスター','yoku0825','sage','2015-09-27 12:45:21',3,'名無しさん',' sage ','2015-09-27 12:45:24','僕は友達がアキト'),('ガンダムマスター','yoku0825','sage','2015-09-27 12:45:21',4,'名無しさん',' sage ','2015-09-27 12:45:25','テラ禁書目録'),('ガンダムマスター','yoku0825','sage','2015-09-27 12:45:21',5,'名無しさん',' sage ','2015-09-27 12:45:26','謎のチョコレート'),('ガンダムマスター','yoku0825','sage','2015-09-27 12:45:21',6,'名無しさん',' sage ','2015-09-27 12:45:27','ジョジョの巨人'),('ガンダムマスター','yoku0825','sage','2015-09-27 12:45:21',7,'名無しさん',' sage ','2015-09-27 12:45:28','アウトブレイク巨人'),('ガンダムマスター','yoku0825','sage','2015-09-27 12:45:21',8,'名無しさん',' sage ','2015-09-27 12:45:29','ささみさん彼女X'),('ガンダムマスター','yoku0825','sage','2015-09-27 12:45:21',9,'名無しさん',' sage ','2015-09-27 12:45:30','人類は衰退しました'),('ガンダムマスター','yoku0825','sage','2015-09-27 12:45:21',10,'名無しさん',' sage ','2015-09-27 12:45:31','人類は巨人'),('ガンダムマスター','yoku0825','sage','2015-09-27 12:45:21',11,'名無しさん',' sage ','2015-09-27 12:45:32','テラカンパニー'),('ガンダムマスター','yoku0825','sage','2015-09-27 12:45:21',12,'名無しさん',' sage ','2015-09-27 12:45:33','インフィニットマスター'),('ガンダムマスター','yoku0825','sage','2015-09-27 12:45:21',13,'名無しさん',' sage ','2015-09-27 12:45:34','人類はカンパニー'),('ガンダムマスター','yoku0825','sage','2015-09-27 12:45:21',14,'名無しさん',' sage ','2015-09-27 12:45:35','ガンダム恋がしたい!'),('ガンダムマスター','yoku0825','sage','2015-09-27 12:45:21',15,'名無しさん',' sage ','2015-09-27 12:45:36','コードギアス亡国のストラトス'),('ガンダムマスター','yoku0825','sage','2015-09-27 12:45:21',16,'名無しさん',' sage ','2015-09-27 12:45:37','ガンダムカンパニー'),('ガンダムマスター','yoku0825','sage','2015-09-27 12:45:21',17,'名無しさん',' sage ','2015-09-27 12:45:38','僕は友達がUC[ユニコーン]'),('ガンダムマスター','yoku0825','sage','2015-09-27 12:45:21',18,'名無しさん',' sage ','2015-09-27 12:45:39','人類は巨人'),('ガンダムマスター','yoku0825','sage','2015-09-27 12:45:21',19,'名無しさん',' sage ','2015-09-27 12:45:40','13日のフォーマーズ'),('ガンダムマスター','yoku0825','sage','2015-09-27 12:45:21',20,'名無しさん',' sage ','2015-09-27 12:45:41','人類は奇妙な冒険'),('テラまどか☆マギカ','yoku0825','sage','2015-05-07 03:14:12',1,'名無しさん',' sage ','2015-05-07 03:14:13','インフィニット青春男'),('テラまどか☆マギカ','yoku0825','sage','2015-05-07 03:14:12',2,'名無しさん',' sage ','2015-05-07 03:14:14','電波女とまどか☆マギカ'),('テラまどか☆マギカ','yoku0825','sage','2015-05-07 03:14:12',3,'名無しさん',' sage ','2015-05-07 03:14:15','ささみさんUC[ユニコーン]'),('テラまどか☆マギカ','yoku0825','sage','2015-05-07 03:14:12',4,'名無しさん',' sage ','2015-05-07 03:14:16','謎の衰退しました'),('テラまどか☆マギカ','yoku0825','sage','2015-05-07 03:14:12',5,'名無しさん',' sage ','2015-05-07 03:14:17','ささみさん教室'),('テラまどか☆マギカ','yoku0825','sage','2015-05-07 03:14:12',6,'名無しさん',' sage ','2015-05-07 03:14:18','ガンダムフォーマーズ'),('テラまどか☆マギカ','yoku0825','sage','2015-05-07 03:14:12',7,'名無しさん',' sage ','2015-05-07 03:14:19','インフィニット禁書目録'),('テラまどか☆マギカ','yoku0825','sage','2015-05-07 03:14:12',8,'名無しさん',' sage ','2015-05-07 03:14:20','アイドルストラトス'),('テラまどか☆マギカ','yoku0825','sage','2015-05-07 03:14:12',9,'名無しさん',' sage ','2015-05-07 03:14:21','進撃のストラトス'),('テラまどか☆マギカ','yoku0825','sage','2015-05-07 03:14:12',10,'名無しさん',' sage ','2015-05-07 03:14:22','魔法少女チョコレート'),('テラまどか☆マギカ','yoku0825','sage','2015-05-07 03:14:12',11,'名無しさん',' sage ','2015-05-07 03:14:23','殺人彼女X'),('恋と選挙と奇妙な冒険','yoku0825','sage','2015-06-15 07:56:18',1,'名無しさん',' sage ','2015-06-15 07:56:19','電波女とチョコレート'),('恋と選挙と奇妙な冒険','yoku0825','sage','2015-06-15 07:56:18',2,'名無しさん',' sage ','2015-06-15 07:56:20','謎の教室'),('恋と選挙と奇妙な冒険','yoku0825','sage','2015-06-15 07:56:18',3,'名無しさん',' sage ','2015-06-15 07:56:21','ささみさんマスター'),('恋と選挙と奇妙な冒険','yoku0825','sage','2015-06-15 07:56:18',4,'名無しさん',' sage ','2015-06-15 07:56:22','アイドルまどか☆マギカ'),('恋と選挙と奇妙な冒険','yoku0825','sage','2015-06-15 07:56:18',5,'名無しさん',' sage ','2015-06-15 07:56:23','インフィニットストラトス'),('恋と選挙と奇妙な冒険','yoku0825','sage','2015-06-15 07:56:18',6,'名無しさん',' sage ','2015-06-15 07:56:24','テラ＠がんばらない'),('恋と選挙と奇妙な冒険','yoku0825','sage','2015-06-15 07:56:18',7,'名無しさん',' sage ','2015-06-15 07:56:25','ガンダム禁書目録'),('恋と選挙と奇妙な冒険','yoku0825','sage','2015-06-15 07:56:18',8,'名無しさん',' sage ','2015-06-15 07:56:26','殺人カンパニー'),('殺人マスター','yoku0825','sage','2015-05-22 09:05:27',1,'名無しさん',' sage ','2015-05-22 09:05:28','進撃の彼女X'),('殺人マスター','yoku0825','sage','2015-05-22 09:05:27',2,'名無しさん',' sage ','2015-05-22 09:05:29','中二病でも彼女X'),('殺人マスター','yoku0825','sage','2015-05-22 09:05:27',3,'名無しさん',' sage ','2015-05-22 09:05:30','僕は友達がUC[ユニコーン]'),('殺人マスター','yoku0825','sage','2015-05-22 09:05:27',4,'名無しさん',' sage ','2015-05-22 09:05:31','中二病でもストラトス'),('殺人マスター','yoku0825','sage','2015-05-22 09:05:27',5,'名無しさん',' sage ','2015-05-22 09:05:32','テラチョコレート');
/*!40000 ALTER TABLE `1NF_bbs` ENABLE KEYS */;
UNLOCK TABLES;

--
-- Table structure for table `2NF_bbs_main`
--

DROP TABLE IF EXISTS `2NF_bbs_main`;
/*!40101 SET @saved_cs_client     = @@character_set_client */;
/*!40101 SET character_set_client = utf8 */;
CREATE TABLE `2NF_bbs_main` (
  `thread_title` varchar(255) NOT NULL,
  `thread_owner` varchar(255) NOT NULL,
  `comment_number` int(10) unsigned NOT NULL,
  `comment_owner` varchar(255) NOT NULL,
  `comment_owner_email` varchar(255) NOT NULL,
  `comment_created` datetime NOT NULL,
  `comment_body` longtext NOT NULL,
  PRIMARY KEY (`thread_title`,`thread_owner`,`comment_number`)
) ENGINE=InnoDB DEFAULT CHARSET=utf8;
/*!40101 SET character_set_client = @saved_cs_client */;

--
-- Dumping data for table `2NF_bbs_main`
--

LOCK TABLES `2NF_bbs_main` WRITE;
/*!40000 ALTER TABLE `2NF_bbs_main` DISABLE KEYS */;
INSERT INTO `2NF_bbs_main` VALUES ('アイドル恋がしたい!','yoku0825',1,'名無しさん',' sage ','2015-08-05 14:00:26','アウトブレイク奇妙な冒険'),('アイドル恋がしたい!','yoku0825',2,'名無しさん',' sage ','2015-08-05 14:00:27','電波女とUC[ユニコーン]'),('アイドル恋がしたい!','yoku0825',3,'名無しさん',' sage ','2015-08-05 14:00:28','電波女とストラトス'),('アイドル恋がしたい!','yoku0825',4,'名無しさん',' sage ','2015-08-05 14:00:29','魔法少女＠がんばらない'),('アイドル恋がしたい!','yoku0825',5,'名無しさん',' sage ','2015-08-05 14:00:30','人類はマスター'),('アイドル恋がしたい!','yoku0825',6,'名無しさん',' sage ','2015-08-05 14:00:31','殺人奇妙な冒険'),('アイドル恋がしたい!','yoku0825',7,'名無しさん',' sage ','2015-08-05 14:00:32','僕は友達がフォーマーズ'),('アイドル恋がしたい!','yoku0825',8,'名無しさん',' sage ','2015-08-05 14:00:33','ガンダム青春男'),('アイドル恋がしたい!','yoku0825',9,'名無しさん',' sage ','2015-08-05 14:00:34','13日のアキト'),('アイドル恋がしたい!','yoku0825',10,'名無しさん',' sage ','2015-08-05 14:00:35','テラ巨人'),('アイドル恋がしたい!','yoku0825',11,'名無しさん',' sage ','2015-08-05 14:00:36','ガンダム奇妙な冒険'),('アイドル恋がしたい!','yoku0825',12,'名無しさん',' sage ','2015-08-05 14:00:37','アウトブレイク金曜日'),('アイドル教室','yoku0825',1,'名無しさん',' sage ','2015-06-10 13:49:46','テラチョコレート'),('アイドル教室','yoku0825',2,'名無しさん',' sage ','2015-06-10 13:49:47','電波女とマスター'),('アイドル教室','yoku0825',3,'名無しさん',' sage ','2015-06-10 13:49:48','ささみさん奇妙な冒険'),('アイドル教室','yoku0825',4,'名無しさん',' sage ','2015-06-10 13:49:49','アウトブレイクチョコレート'),('アイドル教室','yoku0825',5,'名無しさん',' sage ','2015-06-10 13:49:50','コードギアス亡国の恋がしたい!'),('アイドル教室','yoku0825',6,'名無しさん',' sage ','2015-06-10 13:49:51','人類は彼女X'),('アイドル教室','yoku0825',7,'名無しさん',' sage ','2015-06-10 13:49:52','ジョジョの青春男'),('アイドル教室','yoku0825',8,'名無しさん',' sage ','2015-06-10 13:49:53','アウトブレイクストラトス'),('アウトブレイク教室','yoku0825',1,'名無しさん',' sage ','2016-02-02 16:14:23','人類は彼女X'),('アウトブレイク教室','yoku0825',2,'名無しさん',' sage ','2016-02-02 16:14:24','アイドル巨人'),('アウトブレイク教室','yoku0825',3,'名無しさん',' sage ','2016-02-02 16:14:25','恋と選挙と金曜日'),('アウトブレイク教室','yoku0825',4,'名無しさん',' sage ','2016-02-02 16:14:26','アイドルチョコレート'),('アウトブレイク教室','yoku0825',5,'名無しさん',' sage ','2016-02-02 16:14:27','恋と選挙と衰退しました'),('アウトブレイク衰退しました','yoku0825',1,'名無しさん',' sage ','2015-07-24 19:22:05','ささみさん奇妙な冒険'),('アウトブレイク衰退しました','yoku0825',2,'名無しさん',' sage ','2015-07-24 19:22:06','ささみさん＠がんばらない'),('アウトブレイク衰退しました','yoku0825',3,'名無しさん',' sage ','2015-07-24 19:22:07','インフィニットチョコレート'),('アウトブレイク衰退しました','yoku0825',4,'名無しさん',' sage ','2015-07-24 19:22:08','人類はチョコレート'),('アウトブレイク衰退しました','yoku0825',5,'名無しさん',' sage ','2015-07-24 19:22:09','僕は友達がマスター'),('アウトブレイク衰退しました','yoku0825',6,'名無しさん',' sage ','2015-07-24 19:22:10','謎の禁書目録'),('アウトブレイク衰退しました','yoku0825',7,'名無しさん',' sage ','2015-07-24 19:22:11','電波女と奇妙な冒険'),('アウトブレイク衰退しました','yoku0825',8,'名無しさん',' sage ','2015-07-24 19:22:12','殺人マスター'),('ガンダムアキト','yoku0825',1,'名無しさん',' sage ','2015-07-06 11:04:55','僕は友達が恋がしたい!'),('ガンダムアキト','yoku0825',2,'名無しさん',' sage ','2015-07-06 11:04:56','コードギアス亡国のフォーマーズ'),('ガンダムアキト','yoku0825',3,'名無しさん',' sage ','2015-07-06 11:04:57','アウトブレイクアキト'),('ガンダムアキト','yoku0825',4,'名無しさん',' sage ','2015-07-06 11:04:58','ジョジョの巨人'),('ガンダムアキト','yoku0825',5,'名無しさん',' sage ','2015-07-06 11:04:59','中二病でも衰退しました'),('ガンダムアキト','yoku0825',6,'名無しさん',' sage ','2015-07-06 11:05:00','中二病でもまどか☆マギカ'),('ガンダムアキト','yoku0825',7,'名無しさん',' sage ','2015-07-06 11:05:01','殺人ストラトス'),('ガンダムアキト','yoku0825',8,'名無しさん',' sage ','2015-07-06 11:05:02','アイドルチョコレート'),('ガンダムアキト','yoku0825',9,'名無しさん',' sage ','2015-07-06 11:05:03','僕は友達が金曜日'),('ガンダムアキト','yoku0825',10,'名無しさん',' sage ','2015-07-06 11:05:04','電波女と青春男'),('ガンダムアキト','yoku0825',11,'名無しさん',' sage ','2015-07-06 11:05:05','人類はストラトス'),('ガンダムアキト','yoku0825',12,'名無しさん',' sage ','2015-07-06 11:05:06','魔法少女金曜日'),('ガンダムアキト','yoku0825',13,'名無しさん',' sage ','2015-07-06 11:05:07','コードギアス亡国の巨人'),('ガンダムアキト','yoku0825',14,'名無しさん',' sage ','2015-07-06 11:05:08','ジョジョの禁書目録'),('ガンダムアキト','yoku0825',15,'名無しさん',' sage ','2015-07-06 11:05:09','とある魔術の衰退しました'),('ガンダムアキト','yoku0825',16,'名無しさん',' sage ','2015-07-06 11:05:10','中二病でもアキト'),('ガンダムアキト','yoku0825',17,'名無しさん',' sage ','2015-07-06 11:05:11','謎の禁書目録'),('ガンダムアキト','yoku0825',18,'名無しさん',' sage ','2015-07-06 11:05:12','電波女と少ない'),('ガンダムアキト','yoku0825',19,'名無しさん',' sage ','2015-07-06 11:05:13','進撃の金曜日'),('ガンダムアキト','yoku0825',20,'名無しさん',' sage ','2015-07-06 11:05:14','進撃の青春男'),('ガンダムアキト','yoku0825',21,'名無しさん',' sage ','2015-07-06 11:05:15','アウトブレイク巨人'),('ガンダムアキト','yoku0825',22,'名無しさん',' sage ','2015-07-06 11:05:16','ガンダムマスター'),('ガンダムマスター','yoku0825',1,'名無しさん',' sage ','2015-09-27 12:45:22','魔法少女巨人'),('ガンダムマスター','yoku0825',2,'名無しさん',' sage ','2015-09-27 12:45:23','電波女とフォーマーズ'),('ガンダムマスター','yoku0825',3,'名無しさん',' sage ','2015-09-27 12:45:24','僕は友達がアキト'),('ガンダムマスター','yoku0825',4,'名無しさん',' sage ','2015-09-27 12:45:25','テラ禁書目録'),('ガンダムマスター','yoku0825',5,'名無しさん',' sage ','2015-09-27 12:45:26','謎のチョコレート'),('ガンダムマスター','yoku0825',6,'名無しさん',' sage ','2015-09-27 12:45:27','ジョジョの巨人'),('ガンダムマスター','yoku0825',7,'名無しさん',' sage ','2015-09-27 12:45:28','アウトブレイク巨人'),('ガンダムマスター','yoku0825',8,'名無しさん',' sage ','2015-09-27 12:45:29','ささみさん彼女X'),('ガンダムマスター','yoku0825',9,'名無しさん',' sage ','2015-09-27 12:45:30','人類は衰退しました'),('ガンダムマスター','yoku0825',10,'名無しさん',' sage ','2015-09-27 12:45:31','人類は巨人'),('ガンダムマスター','yoku0825',11,'名無しさん',' sage ','2015-09-27 12:45:32','テラカンパニー'),('ガンダムマスター','yoku0825',12,'名無しさん',' sage ','2015-09-27 12:45:33','インフィニットマスター'),('ガンダムマスター','yoku0825',13,'名無しさん',' sage ','2015-09-27 12:45:34','人類はカンパニー'),('ガンダムマスター','yoku0825',14,'名無しさん',' sage ','2015-09-27 12:45:35','ガンダム恋がしたい!'),('ガンダムマスター','yoku0825',15,'名無しさん',' sage ','2015-09-27 12:45:36','コードギアス亡国のストラトス'),('ガンダムマスター','yoku0825',16,'名無しさん',' sage ','2015-09-27 12:45:37','ガンダムカンパニー'),('ガンダムマスター','yoku0825',17,'名無しさん',' sage ','2015-09-27 12:45:38','僕は友達がUC[ユニコーン]'),('ガンダムマスター','yoku0825',18,'名無しさん',' sage ','2015-09-27 12:45:39','人類は巨人'),('ガンダムマスター','yoku0825',19,'名無しさん',' sage ','2015-09-27 12:45:40','13日のフォーマーズ'),('ガンダムマスター','yoku0825',20,'名無しさん',' sage ','2015-09-27 12:45:41','人類は奇妙な冒険'),('テラまどか☆マギカ','yoku0825',1,'名無しさん',' sage ','2015-05-07 03:14:13','インフィニット青春男'),('テラまどか☆マギカ','yoku0825',2,'名無しさん',' sage ','2015-05-07 03:14:14','電波女とまどか☆マギカ'),('テラまどか☆マギカ','yoku0825',3,'名無しさん',' sage ','2015-05-07 03:14:15','ささみさんUC[ユニコーン]'),('テラまどか☆マギカ','yoku0825',4,'名無しさん',' sage ','2015-05-07 03:14:16','謎の衰退しました'),('テラまどか☆マギカ','yoku0825',5,'名無しさん',' sage ','2015-05-07 03:14:17','ささみさん教室'),('テラまどか☆マギカ','yoku0825',6,'名無しさん',' sage ','2015-05-07 03:14:18','ガンダムフォーマーズ'),('テラまどか☆マギカ','yoku0825',7,'名無しさん',' sage ','2015-05-07 03:14:19','インフィニット禁書目録'),('テラまどか☆マギカ','yoku0825',8,'名無しさん',' sage ','2015-05-07 03:14:20','アイドルストラトス'),('テラまどか☆マギカ','yoku0825',9,'名無しさん',' sage ','2015-05-07 03:14:21','進撃のストラトス'),('テラまどか☆マギカ','yoku0825',10,'名無しさん',' sage ','2015-05-07 03:14:22','魔法少女チョコレート'),('テラまどか☆マギカ','yoku0825',11,'名無しさん',' sage ','2015-05-07 03:14:23','殺人彼女X'),('恋と選挙と奇妙な冒険','yoku0825',1,'名無しさん',' sage ','2015-06-15 07:56:19','電波女とチョコレート'),('恋と選挙と奇妙な冒険','yoku0825',2,'名無しさん',' sage ','2015-06-15 07:56:20','謎の教室'),('恋と選挙と奇妙な冒険','yoku0825',3,'名無しさん',' sage ','2015-06-15 07:56:21','ささみさんマスター'),('恋と選挙と奇妙な冒険','yoku0825',4,'名無しさん',' sage ','2015-06-15 07:56:22','アイドルまどか☆マギカ'),('恋と選挙と奇妙な冒険','yoku0825',5,'名無しさん',' sage ','2015-06-15 07:56:23','インフィニットストラトス'),('恋と選挙と奇妙な冒険','yoku0825',6,'名無しさん',' sage ','2015-06-15 07:56:24','テラ＠がんばらない'),('恋と選挙と奇妙な冒険','yoku0825',7,'名無しさん',' sage ','2015-06-15 07:56:25','ガンダム禁書目録'),('恋と選挙と奇妙な冒険','yoku0825',8,'名無しさん',' sage ','2015-06-15 07:56:26','殺人カンパニー'),('殺人マスター','yoku0825',1,'名無しさん',' sage ','2015-05-22 09:05:28','進撃の彼女X'),('殺人マスター','yoku0825',2,'名無しさん',' sage ','2015-05-22 09:05:29','中二病でも彼女X'),('殺人マスター','yoku0825',3,'名無しさん',' sage ','2015-05-22 09:05:30','僕は友達がUC[ユニコーン]'),('殺人マスター','yoku0825',4,'名無しさん',' sage ','2015-05-22 09:05:31','中二病でもストラトス'),('殺人マスター','yoku0825',5,'名無しさん',' sage ','2015-05-22 09:05:32','テラチョコレート');
/*!40000 ALTER TABLE `2NF_bbs_main` ENABLE KEYS */;
UNLOCK TABLES;

--
-- Table structure for table `2NF_thread_metadata`
--

DROP TABLE IF EXISTS `2NF_thread_metadata`;
/*!40101 SET @saved_cs_client     = @@character_set_client */;
/*!40101 SET character_set_client = utf8 */;
CREATE TABLE `2NF_thread_metadata` (
  `thread_title` varchar(255) NOT NULL,
  `thread_owner` varchar(255) NOT NULL,
  `thread_created` datetime NOT NULL,
  PRIMARY KEY (`thread_title`,`thread_owner`)
) ENGINE=InnoDB DEFAULT CHARSET=utf8;
/*!40101 SET character_set_client = @saved_cs_client */;

--
-- Dumping data for table `2NF_thread_metadata`
--

LOCK TABLES `2NF_thread_metadata` WRITE;
/*!40000 ALTER TABLE `2NF_thread_metadata` DISABLE KEYS */;
INSERT INTO `2NF_thread_metadata` VALUES ('アイドル恋がしたい!','yoku0825','2015-08-05 14:00:25'),('アイドル教室','yoku0825','2015-06-10 13:49:45'),('アウトブレイク教室','yoku0825','2016-02-02 16:14:22'),('アウトブレイク衰退しました','yoku0825','2015-07-24 19:22:04'),('ガンダムアキト','yoku0825','2015-07-06 11:04:54'),('ガンダムマスター','yoku0825','2015-09-27 12:45:21'),('テラまどか☆マギカ','yoku0825','2015-05-07 03:14:12'),('恋と選挙と奇妙な冒険','yoku0825','2015-06-15 07:56:18'),('殺人マスター','yoku0825','2015-05-22 09:05:27');
/*!40000 ALTER TABLE `2NF_thread_metadata` ENABLE KEYS */;
UNLOCK TABLES;

--
-- Table structure for table `2NF_user_email`
--

DROP TABLE IF EXISTS `2NF_user_email`;
/*!40101 SET @saved_cs_client     = @@character_set_client */;
/*!40101 SET character_set_client = utf8 */;
CREATE TABLE `2NF_user_email` (
  `user_name` varchar(255) NOT NULL,
  `user_email` varchar(255) NOT NULL,
  PRIMARY KEY (`user_name`)
) ENGINE=InnoDB DEFAULT CHARSET=utf8;
/*!40101 SET character_set_client = @saved_cs_client */;

--
-- Dumping data for table `2NF_user_email`
--

LOCK TABLES `2NF_user_email` WRITE;
/*!40000 ALTER TABLE `2NF_user_email` DISABLE KEYS */;
INSERT INTO `2NF_user_email` VALUES ('yoku0825','sage');
/*!40000 ALTER TABLE `2NF_user_email` ENABLE KEYS */;
UNLOCK TABLES;

--
-- Table structure for table `3NF_bbs_main`
--

DROP TABLE IF EXISTS `3NF_bbs_main`;
/*!40101 SET @saved_cs_client     = @@character_set_client */;
/*!40101 SET character_set_client = utf8 */;
CREATE TABLE `3NF_bbs_main` (
  `thread_title` varchar(255) NOT NULL,
  `thread_owner` varchar(255) NOT NULL,
  `comment_number` int(10) unsigned NOT NULL,
  `comment_owner` varchar(255) NOT NULL,
  `comment_created` datetime NOT NULL,
  `comment_body` longtext NOT NULL,
  PRIMARY KEY (`thread_title`,`thread_owner`,`comment_number`)
) ENGINE=InnoDB DEFAULT CHARSET=utf8;
/*!40101 SET character_set_client = @saved_cs_client */;

--
-- Dumping data for table `3NF_bbs_main`
--

LOCK TABLES `3NF_bbs_main` WRITE;
/*!40000 ALTER TABLE `3NF_bbs_main` DISABLE KEYS */;
INSERT INTO `3NF_bbs_main` VALUES ('アイドル恋がしたい!','yoku0825',1,'名無しさん','2015-08-05 14:00:26','アウトブレイク奇妙な冒険'),('アイドル恋がしたい!','yoku0825',2,'名無しさん','2015-08-05 14:00:27','電波女とUC[ユニコーン]'),('アイドル恋がしたい!','yoku0825',3,'名無しさん','2015-08-05 14:00:28','電波女とストラトス'),('アイドル恋がしたい!','yoku0825',4,'名無しさん','2015-08-05 14:00:29','魔法少女＠がんばらない'),('アイドル恋がしたい!','yoku0825',5,'名無しさん','2015-08-05 14:00:30','人類はマスター'),('アイドル恋がしたい!','yoku0825',6,'名無しさん','2015-08-05 14:00:31','殺人奇妙な冒険'),('アイドル恋がしたい!','yoku0825',7,'名無しさん','2015-08-05 14:00:32','僕は友達がフォーマーズ'),('アイドル恋がしたい!','yoku0825',8,'名無しさん','2015-08-05 14:00:33','ガンダム青春男'),('アイドル恋がしたい!','yoku0825',9,'名無しさん','2015-08-05 14:00:34','13日のアキト'),('アイドル恋がしたい!','yoku0825',10,'名無しさん','2015-08-05 14:00:35','テラ巨人'),('アイドル恋がしたい!','yoku0825',11,'名無しさん','2015-08-05 14:00:36','ガンダム奇妙な冒険'),('アイドル恋がしたい!','yoku0825',12,'名無しさん','2015-08-05 14:00:37','アウトブレイク金曜日'),('アイドル教室','yoku0825',1,'名無しさん','2015-06-10 13:49:46','テラチョコレート'),('アイドル教室','yoku0825',2,'名無しさん','2015-06-10 13:49:47','電波女とマスター'),('アイドル教室','yoku0825',3,'名無しさん','2015-06-10 13:49:48','ささみさん奇妙な冒険'),('アイドル教室','yoku0825',4,'名無しさん','2015-06-10 13:49:49','アウトブレイクチョコレート'),('アイドル教室','yoku0825',5,'名無しさん','2015-06-10 13:49:50','コードギアス亡国の恋がしたい!'),('アイドル教室','yoku0825',6,'名無しさん','2015-06-10 13:49:51','人類は彼女X'),('アイドル教室','yoku0825',7,'名無しさん','2015-06-10 13:49:52','ジョジョの青春男'),('アイドル教室','yoku0825',8,'名無しさん','2015-06-10 13:49:53','アウトブレイクストラトス'),('アウトブレイク教室','yoku0825',1,'名無しさん','2016-02-02 16:14:23','人類は彼女X'),('アウトブレイク教室','yoku0825',2,'名無しさん','2016-02-02 16:14:24','アイドル巨人'),('アウトブレイク教室','yoku0825',3,'名無しさん','2016-02-02 16:14:25','恋と選挙と金曜日'),('アウトブレイク教室','yoku0825',4,'名無しさん','2016-02-02 16:14:26','アイドルチョコレート'),('アウトブレイク教室','yoku0825',5,'名無しさん','2016-02-02 16:14:27','恋と選挙と衰退しました'),('アウトブレイク衰退しました','yoku0825',1,'名無しさん','2015-07-24 19:22:05','ささみさん奇妙な冒険'),('アウトブレイク衰退しました','yoku0825',2,'名無しさん','2015-07-24 19:22:06','ささみさん＠がんばらない'),('アウトブレイク衰退しました','yoku0825',3,'名無しさん','2015-07-24 19:22:07','インフィニットチョコレート'),('アウトブレイク衰退しました','yoku0825',4,'名無しさん','2015-07-24 19:22:08','人類はチョコレート'),('アウトブレイク衰退しました','yoku0825',5,'名無しさん','2015-07-24 19:22:09','僕は友達がマスター'),('アウトブレイク衰退しました','yoku0825',6,'名無しさん','2015-07-24 19:22:10','謎の禁書目録'),('アウトブレイク衰退しました','yoku0825',7,'名無しさん','2015-07-24 19:22:11','電波女と奇妙な冒険'),('アウトブレイク衰退しました','yoku0825',8,'名無しさん','2015-07-24 19:22:12','殺人マスター'),('ガンダムアキト','yoku0825',1,'名無しさん','2015-07-06 11:04:55','僕は友達が恋がしたい!'),('ガンダムアキト','yoku0825',2,'名無しさん','2015-07-06 11:04:56','コードギアス亡国のフォーマーズ'),('ガンダムアキト','yoku0825',3,'名無しさん','2015-07-06 11:04:57','アウトブレイクアキト'),('ガンダムアキト','yoku0825',4,'名無しさん','2015-07-06 11:04:58','ジョジョの巨人'),('ガンダムアキト','yoku0825',5,'名無しさん','2015-07-06 11:04:59','中二病でも衰退しました'),('ガンダムアキト','yoku0825',6,'名無しさん','2015-07-06 11:05:00','中二病でもまどか☆マギカ'),('ガンダムアキト','yoku0825',7,'名無しさん','2015-07-06 11:05:01','殺人ストラトス'),('ガンダムアキト','yoku0825',8,'名無しさん','2015-07-06 11:05:02','アイドルチョコレート'),('ガンダムアキト','yoku0825',9,'名無しさん','2015-07-06 11:05:03','僕は友達が金曜日'),('ガンダムアキト','yoku0825',10,'名無しさん','2015-07-06 11:05:04','電波女と青春男'),('ガンダムアキト','yoku0825',11,'名無しさん','2015-07-06 11:05:05','人類はストラトス'),('ガンダムアキト','yoku0825',12,'名無しさん','2015-07-06 11:05:06','魔法少女金曜日'),('ガンダムアキト','yoku0825',13,'名無しさん','2015-07-06 11:05:07','コードギアス亡国の巨人'),('ガンダムアキト','yoku0825',14,'名無しさん','2015-07-06 11:05:08','ジョジョの禁書目録'),('ガンダムアキト','yoku0825',15,'名無しさん','2015-07-06 11:05:09','とある魔術の衰退しました'),('ガンダムアキト','yoku0825',16,'名無しさん','2015-07-06 11:05:10','中二病でもアキト'),('ガンダムアキト','yoku0825',17,'名無しさん','2015-07-06 11:05:11','謎の禁書目録'),('ガンダムアキト','yoku0825',18,'名無しさん','2015-07-06 11:05:12','電波女と少ない'),('ガンダムアキト','yoku0825',19,'名無しさん','2015-07-06 11:05:13','進撃の金曜日'),('ガンダムアキト','yoku0825',20,'名無しさん','2015-07-06 11:05:14','進撃の青春男'),('ガンダムアキト','yoku0825',21,'名無しさん','2015-07-06 11:05:15','アウトブレイク巨人'),('ガンダムアキト','yoku0825',22,'名無しさん','2015-07-06 11:05:16','ガンダムマスター'),('ガンダムマスター','yoku0825',1,'名無しさん','2015-09-27 12:45:22','魔法少女巨人'),('ガンダムマスター','yoku0825',2,'名無しさん','2015-09-27 12:45:23','電波女とフォーマーズ'),('ガンダムマスター','yoku0825',3,'名無しさん','2015-09-27 12:45:24','僕は友達がアキト'),('ガンダムマスター','yoku0825',4,'名無しさん','2015-09-27 12:45:25','テラ禁書目録'),('ガンダムマスター','yoku0825',5,'名無しさん','2015-09-27 12:45:26','謎のチョコレート'),('ガンダムマスター','yoku0825',6,'名無しさん','2015-09-27 12:45:27','ジョジョの巨人'),('ガンダムマスター','yoku0825',7,'名無しさん','2015-09-27 12:45:28','アウトブレイク巨人'),('ガンダムマスター','yoku0825',8,'名無しさん','2015-09-27 12:45:29','ささみさん彼女X'),('ガンダムマスター','yoku0825',9,'名無しさん','2015-09-27 12:45:30','人類は衰退しました'),('ガンダムマスター','yoku0825',10,'名無しさん','2015-09-27 12:45:31','人類は巨人'),('ガンダムマスター','yoku0825',11,'名無しさん','2015-09-27 12:45:32','テラカンパニー'),('ガンダムマスター','yoku0825',12,'名無しさん','2015-09-27 12:45:33','インフィニットマスター'),('ガンダムマスター','yoku0825',13,'名無しさん','2015-09-27 12:45:34','人類はカンパニー'),('ガンダムマスター','yoku0825',14,'名無しさん','2015-09-27 12:45:35','ガンダム恋がしたい!'),('ガンダムマスター','yoku0825',15,'名無しさん','2015-09-27 12:45:36','コードギアス亡国のストラトス'),('ガンダムマスター','yoku0825',16,'名無しさん','2015-09-27 12:45:37','ガンダムカンパニー'),('ガンダムマスター','yoku0825',17,'名無しさん','2015-09-27 12:45:38','僕は友達がUC[ユニコーン]'),('ガンダムマスター','yoku0825',18,'名無しさん','2015-09-27 12:45:39','人類は巨人'),('ガンダムマスター','yoku0825',19,'名無しさん','2015-09-27 12:45:40','13日のフォーマーズ'),('ガンダムマスター','yoku0825',20,'名無しさん','2015-09-27 12:45:41','人類は奇妙な冒険'),('テラまどか☆マギカ','yoku0825',1,'名無しさん','2015-05-07 03:14:13','インフィニット青春男'),('テラまどか☆マギカ','yoku0825',2,'名無しさん','2015-05-07 03:14:14','電波女とまどか☆マギカ'),('テラまどか☆マギカ','yoku0825',3,'名無しさん','2015-05-07 03:14:15','ささみさんUC[ユニコーン]'),('テラまどか☆マギカ','yoku0825',4,'名無しさん','2015-05-07 03:14:16','謎の衰退しました'),('テラまどか☆マギカ','yoku0825',5,'名無しさん','2015-05-07 03:14:17','ささみさん教室'),('テラまどか☆マギカ','yoku0825',6,'名無しさん','2015-05-07 03:14:18','ガンダムフォーマーズ'),('テラまどか☆マギカ','yoku0825',7,'名無しさん','2015-05-07 03:14:19','インフィニット禁書目録'),('テラまどか☆マギカ','yoku0825',8,'名無しさん','2015-05-07 03:14:20','アイドルストラトス'),('テラまどか☆マギカ','yoku0825',9,'名無しさん','2015-05-07 03:14:21','進撃のストラトス'),('テラまどか☆マギカ','yoku0825',10,'名無しさん','2015-05-07 03:14:22','魔法少女チョコレート'),('テラまどか☆マギカ','yoku0825',11,'名無しさん','2015-05-07 03:14:23','殺人彼女X'),('恋と選挙と奇妙な冒険','yoku0825',1,'名無しさん','2015-06-15 07:56:19','電波女とチョコレート'),('恋と選挙と奇妙な冒険','yoku0825',2,'名無しさん','2015-06-15 07:56:20','謎の教室'),('恋と選挙と奇妙な冒険','yoku0825',3,'名無しさん','2015-06-15 07:56:21','ささみさんマスター'),('恋と選挙と奇妙な冒険','yoku0825',4,'名無しさん','2015-06-15 07:56:22','アイドルまどか☆マギカ'),('恋と選挙と奇妙な冒険','yoku0825',5,'名無しさん','2015-06-15 07:56:23','インフィニットストラトス'),('恋と選挙と奇妙な冒険','yoku0825',6,'名無しさん','2015-06-15 07:56:24','テラ＠がんばらない'),('恋と選挙と奇妙な冒険','yoku0825',7,'名無しさん','2015-06-15 07:56:25','ガンダム禁書目録'),('恋と選挙と奇妙な冒険','yoku0825',8,'名無しさん','2015-06-15 07:56:26','殺人カンパニー'),('殺人マスター','yoku0825',1,'名無しさん','2015-05-22 09:05:28','進撃の彼女X'),('殺人マスター','yoku0825',2,'名無しさん','2015-05-22 09:05:29','中二病でも彼女X'),('殺人マスター','yoku0825',3,'名無しさん','2015-05-22 09:05:30','僕は友達がUC[ユニコーン]'),('殺人マスター','yoku0825',4,'名無しさん','2015-05-22 09:05:31','中二病でもストラトス'),('殺人マスター','yoku0825',5,'名無しさん','2015-05-22 09:05:32','テラチョコレート');
/*!40000 ALTER TABLE `3NF_bbs_main` ENABLE KEYS */;
UNLOCK TABLES;

--
-- Table structure for table `3NF_thread_metadata`
--

DROP TABLE IF EXISTS `3NF_thread_metadata`;
/*!40101 SET @saved_cs_client     = @@character_set_client */;
/*!40101 SET character_set_client = utf8 */;
CREATE TABLE `3NF_thread_metadata` (
  `thread_title` varchar(255) NOT NULL,
  `thread_owner` varchar(255) NOT NULL,
  `thread_created` datetime NOT NULL,
  PRIMARY KEY (`thread_title`,`thread_owner`)
) ENGINE=InnoDB DEFAULT CHARSET=utf8;
/*!40101 SET character_set_client = @saved_cs_client */;

--
-- Dumping data for table `3NF_thread_metadata`
--

LOCK TABLES `3NF_thread_metadata` WRITE;
/*!40000 ALTER TABLE `3NF_thread_metadata` DISABLE KEYS */;
INSERT INTO `3NF_thread_metadata` VALUES ('アイドル恋がしたい!','yoku0825','2015-08-05 14:00:25'),('アイドル教室','yoku0825','2015-06-10 13:49:45'),('アウトブレイク教室','yoku0825','2016-02-02 16:14:22'),('アウトブレイク衰退しました','yoku0825','2015-07-24 19:22:04'),('ガンダムアキト','yoku0825','2015-07-06 11:04:54'),('ガンダムマスター','yoku0825','2015-09-27 12:45:21'),('テラまどか☆マギカ','yoku0825','2015-05-07 03:14:12'),('恋と選挙と奇妙な冒険','yoku0825','2015-06-15 07:56:18'),('殺人マスター','yoku0825','2015-05-22 09:05:27');
/*!40000 ALTER TABLE `3NF_thread_metadata` ENABLE KEYS */;
UNLOCK TABLES;

--
-- Table structure for table `3NF_user_email`
--

DROP TABLE IF EXISTS `3NF_user_email`;
/*!40101 SET @saved_cs_client     = @@character_set_client */;
/*!40101 SET character_set_client = utf8 */;
CREATE TABLE `3NF_user_email` (
  `user_name` varchar(255) NOT NULL,
  `user_email` varchar(255) NOT NULL,
  PRIMARY KEY (`user_name`)
) ENGINE=InnoDB DEFAULT CHARSET=utf8;
/*!40101 SET character_set_client = @saved_cs_client */;

--
-- Dumping data for table `3NF_user_email`
--

LOCK TABLES `3NF_user_email` WRITE;
/*!40000 ALTER TABLE `3NF_user_email` DISABLE KEYS */;
INSERT INTO `3NF_user_email` VALUES ('yoku0825','sage'),('名無しさん',' sage ');
/*!40000 ALTER TABLE `3NF_user_email` ENABLE KEYS */;
UNLOCK TABLES;
SET @@SESSION.SQL_LOG_BIN = @MYSQLDUMP_TEMP_LOG_BIN;
/*!40103 SET TIME_ZONE=@OLD_TIME_ZONE */;

/*!40101 SET SQL_MODE=@OLD_SQL_MODE */;
/*!40014 SET FOREIGN_KEY_CHECKS=@OLD_FOREIGN_KEY_CHECKS */;
/*!40014 SET UNIQUE_CHECKS=@OLD_UNIQUE_CHECKS */;
/*!40101 SET CHARACTER_SET_CLIENT=@OLD_CHARACTER_SET_CLIENT */;
/*!40101 SET CHARACTER_SET_RESULTS=@OLD_CHARACTER_SET_RESULTS */;
/*!40101 SET COLLATION_CONNECTION=@OLD_COLLATION_CONNECTION */;
/*!40111 SET SQL_NOTES=@OLD_SQL_NOTES */;

-- Dump completed on 2015-04-06 13:26:28
